part,title,rating,text,y
과학,코스모스,3,책을 많이 주문해서 이제서야 읽기 시작했는데 두페이지 정도가 이렇게 찌그러져 있네요ㅠ 기간도 기간이고 제주도라서 교환신청하기도 좀 그래서 그냥 읽으렵니다ㅠㅠ 그래도 예전부터 읽고 싶었던 책이라서 과감히 구매를 결정했습니다. 과학책이지만 정말 재밌더라구요. 학술적인 내용으로 가득 찬 여타 다른 책들과는 달리 재밌는 표현도 많아서 좋았습니다. 두꺼운 책이지만 단숨에 읽을 수 있을 것 같네요. 아쉬운건 아쉬운거고 책 자체는 재밌어서 좋습니다. 조금 더 어릴 때 이 책을 읽었더라면 제가 천체물리학자를 목표로 공부했을지도 모르겠네요ㅎㅎ,0
과학,코스모스,4,"정말 경이로움 그 자체이다. 3챕터까지 읽다가 너무 놓치는 부분이 많은 것 같아서 다시 처음부터 읽기 시작했다. 그리고 이제 4챕터를 읽는 중이다. 읽는 내내 희열을 만끽했다. 계속 드는 의문과 궁금함 그리고 떠오르는 감상평으로 산 지 며칠 밖에 되지 않은 책은 작은 글씨들과 형광팬으로 어질러져 버렸다. 아마도 1,2번정도는 더 읽게 될 것이다. 칼 세이건에 이미 푹 빠져버렸고, 칼세이건과 같은 저명한 학자이자 교수가 되고자 꿈을 품게 되었다. 너무나 경이롭고 감사한 책이며, 언젠가는 나도 이러한 책을 쓰고 말겠다는 다짐을 하게된다.",1
과학,코스모스,4,"생각 할 수 있는 꺼리가 많아요. 사피엔스, 총균쇠 등과 함께 읽으면 더 좋을 듯 합니다!",1
과학,코스모스,4,보급품이라길레 종이 안좋은줄 알았더니 양장본 뺨칩니다 빨리 사세요!,1
과학,코스모스,4,아껴 보고 싶은 책입니다.,1
과학,코스모스,4,알쓸신잡에 나온 책 기대됩니다 ..,1
과학,코스모스,4,책이 너무 비싸서 못읽었는데 이렇게 보급판으로 볼 수있어서 좋아요 요새 바이러스때문에 밖에 나가지 못하는데 집에서 오래도록 읽을 수 있겠네용~,1
과학,코스모스,4,아는 사람만 아는 청소년 필독서 두꺼워서 가성비도 좋아요,1
과학,코스모스,4,거대하고 장구한 스케일을 담고있는 책이라 섯불리 대들 수 없을것 같아도 용기를 내서 만난 책~ 정말 살면서 한번쯤을 읽어봐야 할 가치가 있는 책입니다~,1
과학,코스모스,4,정독할거에요,1
과학,코스모스,4,두 번 세 번 읽어도 좋은 책입니다,1
과학,코스모스,4,사물에 대한 지평을 넓혀줍니다,1
과학,코스모스,4,"첨에 두께 보고 놀랐어요. 벽돌책은 처음에 꺼려지는데 막상 지금 읽어보니 잘 읽혀요
과학자들이 청소년에게 권하는 필독도서라기에 청소년도 읽는데 나라고 못읽겠냐 해서 구매했는데 이거 정말 좋은 책이에요",1
과학,코스모스,4,인생도서입니다 꼭읽으세요,1
과학,코스모스,4,필독도서로 추천합니다,1
과학,코스모스,4,과학 좋아하는 아이에게 여름방학때 읽힐려고 구매했어요. 첫장 읽어보더니 빨리 읽고 싶어 합니다.,1
과학,코스모스,4,이 책을 읽으면서 일상의 작은 마음에서 해방되는 시간을 갖고싶다,1
과학,코스모스,4,좋아용~,1
과학,코스모스,4,삭제된 리뷰입니다.,1
과학,코스모스,4,좋아요,1
과학,코스모스,4,꼭 읽어봐야할 책,1
과학,코스모스,4,평소에 알디 못하던 분야에 대한 정보를 재미있게 얻을수 있는 좋은 기회가 되었어요,1
과학,코스모스,4,좋아요,1
과학,코스모스,4,드디어 도전합니다! 우주에 대해 처음으로 관심이 생긴 책이에요,1
과학,코스모스,4,정말 유용한 책입니다.,1
과학,코스모스,4,바로드림 첫결제 이벤트로 엄청 저렴하게 샀어요 도서관에서 빌려읽고 감동먹어서 소장하고 싶었는데 이렇게 저렴하게 구할수 있어서 너무 좋네요,1
과학,코스모스,4,말이필요없는책이죠. 원서도 샀는데 언제 끝까지 읽어볼 수 있음 좋겠네요,1
과학,코스모스,3,좀 어려워요 유명하길래 읽어보았는데 관심이 아예 없던사람은 많이 쉬운책은 아닌것 같아요 대신 유튜브도 보고 보니까 이해가 좀더 쉬웠어여,0
과학,코스모스,4,말이 필요없는 책이에요,1
과학,코스모스,4,과학 서적은 잘 읽지 않았었는데 재미있네요.,1
과학,코스모스,4,꼭 봐야하는 명작!,1
과학,코스모스,4,아직 초반부이지만 생각보다 어렵지 않게 읽을 수 있어요!,1
과학,코스모스,4,너무 좋은 책입니다,1
과학,코스모스,4,도서관에서 빌려보고...소장해서 읽고싶어 구입했어요.,1
과학,코스모스,4,엘러건트 유니버스와 함께 읽으려 구매합니다. 천천히 읽어봐야겠어요.,1
과학,코스모스,3,한번쯤은 읽어봐야...,0
과학,코스모스,4,"아직도 가슴을 설레이게 하는 광대하고 웅장한 ... ‘리스펙트’ 그 자체.
또다른 코스모스를 기대하며...",1
과학,코스모스,4,두께가 있어 휴대하며 읽기엔 쉽지 않지만 여튼 넘 좋은 책이에요,1
과학,코스모스,4,꼭 읽어보세요. 모두에게 추천합니다,1
과학,코스모스,4,생각보다 어렵지 않아서 아이도 잘 읽어요,1
과학,코스모스,4,학생이 공부하기 좋아요,1
과학,코스모스,4,어릴 적 봤으면 좋았을 책..지금도 물론 좋지만,1
과학,코스모스,4,보급판 시서 읽다가 결국 .. 양장본도 샀어요*__* 이건 칼라사진과 함께해야해.. 놀라움+ 생각이 많아지는 책,1
과학,코스모스,4,나를 돌아보고 앞으로 어떠한 자세로 살아가야할지 생각해보게 하는 책,1
과학,코스모스,4,칼세이건의 표현력이 훌륭하다,1
과학,코스모스,3,넷플릭스 기묘한이야기에도 언급되는 흥미로운 책입니다.,0
과학,코스모스,4,왜 필독인지 알수있어요,1
과학,코스모스,4,예전부터 읽고 싶던 책인데 정말 읽으면서 경이로움을 느꼈습니다,1
과학,코스모스,4,우주에 대한 이해를 흥미롭게 이끌어주는 책,1
과학,코스모스,4,재미있게 잘 읽었습니다.,1
과학,코스모스,3,넷플릭스 기묘한이야기에도 언급되는 흥미로운 책입니다.,0
과학,코스모스,4,왜 필독인지 알수있어요,1
과학,코스모스,4,예전부터 읽고 싶던 책인데 정말 읽으면서 경이로움을 느꼈습니다,1
과학,코스모스,4,우주에 대한 이해를 흥미롭게 이끌어주는 책,1
과학,코스모스,4,재미있게 잘 읽었습니다.,1
과학,코스모스,4,소장 가치 있는 책이에요 흥미로워요,1
과학,코스모스,4,지구에 인간으로 태어났다면 반드시 읽어 볼 가치가 있는 책이라 생각됩니다.,1
과학,코스모스,4,지구에 인간으로 태어났다면 반드시 읽을 가치가 있는 책입니다.,1
과학,코스모스,4,괜히 인기도서가 아니네요 흥미롭습니다,1
과학,코스모스,4,창백한 푸른점 우주과학에 대한 교양서,1
과학,코스모스,4,어려운 이야기를 쉽게 쓴다고 썼지만 여전히 어려웠다. 모든 내용을 완벽하게 이해하기는 어렵더라도 우주를 바라보는 올바른 관점을 얻을 수 있다. 어렵고 방대하지만 부담을 내려놓고 가볍게 읽기를 권한다.,1
과학,코스모스,4,우주 최고의 우주교과서.,1
과학,코스모스,4,과학과 인문이 적절하게 섞여서 재밌게 봤어요,1
과학,코스모스,4,재밌어요 여러번 읽어도 재밌네요,1
과학,코스모스,4,예전에 도서관에서 빌려서 읽었다가 제가 딱 원했던 내용이고 재미있고 흥미로워서 구매까지 하게 됐습니다. 두껍지만 한 챕터씩 읽는다 생각하면 크게 부담스럽디 않아요.,1
과학,코스모스,4,코스모스에 대한 여러가지 과학 사실들을 종합적으로 망라한 책입니다! 한번 정독하시는것을 추천드려요,1
과학,코스모스,4,예전에 아빠가 산 하드북이 오래돼서 아이가 새로 사달라고 구입 잘 읽지는 않지만 언젠가는 읽겠죠,1
과학,코스모스,4,보급판이지만 책이 너무 좋아요 우주는 정말 신비로워요,1
과학,코스모스,4,방학동안 정독하려고 미리 구매합니다.,1
과학,코스모스,4,우주를 사랑하는 사람들의 시선과 발자취를 따라 우주를 알아가니 좋네요.,1
과학,코스모스,4,기대다 되는 책입니다,1
과학,코스모스,4,포기하지 않고 끝까지 읽어볼게요,1
과학,코스모스,4,읽어보아야 할 책이라는 생각이듭니다,1
과학,코스모스,4,이해할수있을지 잘모르겠지만... 기대됩니다...,1
과학,코스모스,4,생각의 폭이 넓어지는 책입니다. 가만히 있으면 늘 하던대로만 하는데 세상의 여러면을 알고 변화할 수 있게 하네요,1
과학,코스모스,4,잘 정리되어 있는 도서라 구매하였습니다.,1
과학,코스모스,4,읽는 데 시간은 걸리지만 우주의 무한한 영역에 대한 수수께끼를 풀 수 있는 책입니다.,1
과학,코스모스,4,코스모스 두께만 보고 겁나지만 온가족이 한번 열심히 읽어보려 합니다,1
과학,코스모스,4,두고두고 천천히 읽어볼계획입니다,1
과학,코스모스,4,읽고 싶었던 책이라 구매했어요 어려운 주제라고 생각했는데 쉽게 읽히는 것 같아요,1
과학,코스모스,4,아이와 함께 읽기시작했어요 완독향해 고고!,1
과학,코스모스,4,배송이 무척 빨랐습니다. 잘 읽겠습니다.,1
과학,코스모스,4,진짜두껍긴해여ㅎㅎ잠올듯,1
과학,코스모스,4,책 읽는동안 경이로웠다,1
과학,코스모스,4,보급판으로 너무 벽돌책스럽지않고 가벼운느낌으로 다가와서 좋아요.,1
과학,코스모스,4,우리의 근원에 대해 다가갈 수 있는 책,1
과학,코스모스,4,고전이라길래 삿음 기대됨,1
과학,코스모스,4,좋아요 좋아요 좋아요 좋아요,1
과학,코스모스,4,좋아요 좋아요 좋아요 좋아요,1
과학,코스모스,4,"우주, 생명과 나 자신의 기원에 대한 탐구에 책. 어린 시절 매일 밤 하늘의 별을 보면 했던 생각들을 다시 떠올게했습니다. 저 별들은 어디에 있는것일까, 저곳은 어떤 세상일까, 내가 있는 이곳은 무엇일까, 나는 무엇일까.. 이제 이 책을 보고 또 생각을 해봅니다. 근원으로 내려가면 우주의 구성과 지구와 나의, 생명의 기원은 연결되어있고 같구나. 생명체만이 아니라 이 세상 모든 물질이 그 기원과 근원은 같은 것이 아닐까.. 그렇다면 우주 저 먼곳을 알고싶고 보고싶다.",1
과학,코스모스,4,새로운 사실들을 알 수 있어서 넘 좋았고 재미있어요.,1
과학,코스모스,4,동아리활동 책으로 선택했습니다. 너무 기대되네요!,1
과학,코스모스,4,이책을 이제야 읽다니...,1
과학,코스모스,4,책이 가볍고 좋아요,1
과학,코스모스,4,이 유명한 책을 이제야 읽네요,1
과학,코스모스,4,중학교시절의 tv 다큐 시청이 어렴풋이 생각나서 읽게 되었고 앤드오브타임처럼 물리학적 소양이 부족했지만 그래도 감명 깊게 읽었다.,1
과학,코스모스,4,과학을 좋아하는 중딩아들에게 선물했어요,1
과학,코스모스,4,누구에게나 유익한 도서입니다~~,1
과학,코스모스,4,"두껍지만, 왜 두꺼운지 읽다보면 알수있는 책. 그리고 책의 두께를 무시할 정도로 재밋게 읽히는 책",1
과학,코스모스,4,정독하기에 좋은책입니다,1
과학,코스모스,4,중학교시절의 tv 다큐 시청이 어렴풋이 생각나서 읽게 되었고 앤드오브타임처럼 물리학적 소양이 부족했지만 그래도 감명 깊게 읽었다.,1
과학,코스모스,4,과학을 좋아하는 중딩아들에게 선물했어요,1
과학,코스모스,4,누구에게나 유익한 도서입니다~~,1
과학,코스모스,4,"두껍지만, 왜 두꺼운지 읽다보면 알수있는 책. 그리고 책의 두께를 무시할 정도로 재밋게 읽히는 책",1
과학,코스모스,4,정독하기에 좋은책입니다,1
과학,코스모스,4,"140억 년의 우주역사를 담아내고 있다. 우주의 탄생부터 천문학·물리학의 역사, 달 탐사와 인공위성, 인류의 이주 행성 탐사에 이르기까지...",1
과학,코스모스,4,책을 열기전까지는 몰랐습니다. 훌륭한 저서입니다,1
과학,코스모스,4,워낙 유명해서 기대돼요,1
과학,코스모스,1,한달 걸려 받았는데 표지와 내용이 거꾸로 인쇄돼있내요 교환 신청했으나 택배 파업이 언제 풀릴지 모른다며 임의 취소함 1:1문의 남겼으나 답변 없음 며칠째 몇시간씩 통화 시도 했으나 통화불능 검수없이 보내는게 한두번도 아님,0
과학,코스모스,4,좋은정보 감사합니다!,1
과학,코스모스,4,보급판으로 만났습니다.,1
과학,코스모스,4,필도서같은 코스모스 이번엔 정복해보려구요,1
과학,코스모스,4,명불허전입니다. 역시 많이 팔린 책은 이유가 있군요,1
과학,코스모스,4,보급판이라 좋아요.,1
과학,코스모스,4,"두께가.. wow...
잘 읽어보겠습니다",1
과학,코스모스,4,좋습니다 책이 좋아요 감사합니다,1
과학,코스모스,4,방학동안 읽고 있습니다.,1
과학,코스모스,3,생각보다 잘 읽히고 재밌음,0
과학,코스모스,4,무척 읽고 싶었던 책인데 잘 읽겠습니다,1
과학,코스모스,4,"쉽게 책장이 넘어가는 책들과 달리 독서의 깊이, 희열을 느끼게 해주네요",1
과학,코스모스,4,시간가는 줄 모르게 읽었네요. 두고두고 다시 읽고 싶은 책이네요...,1
과학,코스모스,4,재미있게 술술 읽히는 책입니다.,1
과학,코스모스,4,진작 읽어봤어야 했던 유명한 책.,1
과학,코스모스,4,책 두께가 상당하네요. 하나도 빠짐없이 읽으려고 합니다.,1
과학,코스모스,3,과학계 베스트셀러 코스모스 보급판이 있어 구매해봅니다,0
과학,코스모스,4,칼 세이건이 펼쳐 보이는 대우주의 신비,1
과학,코스모스,4,굉장히 많은 생각거리를 던져주는 책인거 같아요. 잊혀질만하면 또 읽을거에요!!,1
과학,코스모스,4,소장용으로 구매 했어요. 읽을수록 상식에 도움이 되네요.,1
과학,코스모스,4,어렵지만 다 읽고 나면 뿌듯해지는 동시에 나의 지식이 확장되는 느낌을 몸소 체험할 수 있다.,1
과학,코스모스,4,칼 세이건이 펼쳐 보이는 대우주의 신비.,1
과학,코스모스,4,어려운 책이라 고민했는데 6학년 생각보다 잘 읽어 나가네요,1
과학,코스모스,4,우주와 인간에 대한 장엄한 이야기,1
과학,코스모스,4,전설적 고전.칼 세이건의 코스모스는 대단하다. 영화도 추천.,1
과학,코스모스,4,보급판으로 나와서 두껍지만 가벼운 편이라 들고 다닐 수 있어 좋아요,1
과학,코스모스,4,"아주 오래전에 읽었지만...
단순한 우주, 별자리에 대한 이야기를 넘어서는 웅장하고 가슴 설레이기에 충분한...",1
과학,코스모스,4,기대됩니다~ 아직 초반부 읽고 있는데 차근차근 정독할겁니다,1
과학,코스모스,4,좋은책 잘 읽어보겠습니다.,1
과학,코스모스,4,아이가 잘 읽고 있어요. 좋아요.,1
과학,코스모스,4,이렇게 훌륭한 책을 저렴하게 구입하게 해주셔서 감사합니다.,1
과학,코스모스,4,정말 좋아요 강추입니다,1
과학,코스모스,3,정독하겠습니다 유익할 것 같아요,0
과학,코스모스,4,우주와 인간에 대한 경이로움을 느낄 수 있다.,1
과학,코스모스,4,"칼 세이건 '코스모스' 오랜만에 과학분야 책을 보게되었는데, 좀 힘들지만 끝까지 정독합니다.",1
과학,코스모스,4,우리가 이 세상을 살면서 한번쯤 꼭 읽어봐야할 책이 아닐까합니다. 유명한 책은 그 이유가 있는 것 같습니다.,1
과학,코스모스,4,소장하기에도 좋은 책~,1
과학,코스모스,4,우주에 대한 궁금증과 상상력을 유발한다.,1
과학,코스모스,4,진짜 벽돌책이네요 양장본 사고싶었는데 너무 비싸서 대신구매했어요 너무 좋아요,1
과학,코스모스,4,이번에도 잘 받았어요 묵직한 책이지만 가독성좋고 유익해요~,1
과학,코스모스,4,질 읽어 보려구요 좋은 책입니다,1
과학,코스모스,4,중3아들이 재밌게 읽었대요^^,1
과학,코스모스,4,우주에 대한 궁금증과 상상력을 유발한다.,1
과학,코스모스,4,진짜 벽돌책이네요 양장본 사고싶었는데 너무 비싸서 대신구매했어요 너무 좋아요,1
과학,코스모스,4,이번에도 잘 받았어요 묵직한 책이지만 가독성좋고 유익해요~,1
과학,코스모스,4,질 읽어 보려구요 좋은 책입니다,1
과학,코스모스,4,중3아들이 재밌게 읽었대요^^,1
과학,코스모스,4,드디어 읽어보네요 잘 읽고 있습니다,1
과학,코스모스,4,책이 상당히 두꺼워요 기대 됩니다,1
과학,코스모스,4,상당히 두꺼운 책이네요 내용이 기대됩니다,1
과학,코스모스,4,"상당히 두껍지만..그래도 꼭 읽고싶은 그런 책 입니다.한 장,한 장 읽을수록 많은 배움을 얻어가는 책, 감사합니다",1
과학,코스모스,4,아이가 티비보다가 사달래서구매했어요 과학에관심이 많은 녀석인데 찾아가며보네요,1
과학,코스모스,4,좋아요좋아요좋아요좋아요좋아요,1
과학,코스모스,4,조아요 재밌고 유익합니다,1
과학,코스모스,4,잘 읽어 보겠습니다 생각보다 많이 두껍네요,1
과학,코스모스,4,오랜만에 좋은책 읽게되어 기대 됩니다,1
과학,코스모스,4,우주에 대해서 정말 재밌있고 유익하게 담은 책이였습니다:),1
과학,코스모스,4,책의 가독성이 너무 좋고 정말 최고의 책이라고 생각합니다!!,1
과학,코스모스,3,책이 후덜덜하게 두껍네요. 천천히 정독할 예정입니다,0
과학,코스모스,4,두껍지만 읽어봐야 하는 책,1
과학,코스모스,4,왜 이렇게 유명한 책임지 알게 되었습니다..!,1
과학,코스모스,4,영원한 고전 오래전에 읽고 다시 구입해서 또 읽은 책,1
과학,코스모스,4,여름방학동안 중학생아이 읽으라고 샀는데 잘 읽을지 모르겠네요~,1
과학,코스모스,4,"필독서이자 강력 추천하는 책.
의식의 크기가 커지고 과학이야기를 들으면서 철학을 생각하게 되는 정말 최고의 책. 인생에서 책을 5권만 꼽는다면 무조건 들어가게 되는 책. 수식어구는 너무나 많지만 읽어보지 않는다면 무슨 소용일까? 그 두꺼움에 놀랐지만 생각보다 쉬이 읽힌다.
쫄지말고 읽다보면 경이로움에 빠지고 다 읽고 나면 뭔가 바뀐 자신을 느끼게 된다. 정독으로 일독했지만 다시 한번 읽어야할 책입니다.",1
과학,코스모스,4,흥미로운 책이네요 꼭 읽어보세요^^,1
과학,코스모스,4,천문을 좋아해서 구매하였고 앞으로 사랑받는 책으로 되었으면 하네요 ..,1
과학,코스모스,3,"어려운 책이다, 올해 안에 다 읽을 수 있을지 미지수다..",0
과학,코스모스,4,칼 세이건이 어떤사람인지 잘 알수있는 책입니다. 추천해요,1
과학,코스모스,4,두께가 좀 되서 오래읽고있어요,1
과학,코스모스,4,우주에 대한 생각이 두려움에서 하나씩 알아가는 기쁨으로 바꿔주는 기회를 제공합니다.,1
과학,코스모스,4,두꺼워서 읽기전에 멈칫했는데 읽기 시작하니까 너무 잘읽히고 내용도 좋아요!!,1
과학,코스모스,4,"선물을 하기 위해 세 권째 구입했습니다. 지구 과학이나 천문학에 별 관심이 없어서 중간 중간 읽기 힘든 부분도 있었지만, 책장을 덮을 때는 훌륭한 철학서를 읽은 것과 비슷한 감동이 밀려 왔습니다. 학창 시절에 이 책을 읽었더라면 어땠을지 여러 생각이 들었습니다. 너무 뻔한 평이겠지만 드넓은 우주에 한 점의 먼지 같은 존재로 살며 지구에 너무 악영향을 미치고 있는 것은 아닌지 반성하게 됩니다.",1
과학,코스모스,3,다 좋은데 새책이 아니라 누가 읽은책이 온것같아요. 책처음부터 끝까지 전체적으로 누런점같은거나 긁힌자국이 있어서 읽는내내 은근 신경쓰였어요.물티슈로 살살 문질러도 안지워지고.. 어차피 소장하면 앞으로 때탈테니까 무시하고 완독했어요. 책내용은 조금 어려웠지만 확실히 유익한 책인것 같아요. 양장본으로 하나 더 구입했어요.,0
과학,코스모스,4,유명한책 한권씩 있죠 다들,1
과학,코스모스,4,우주 지구 생명 인간 모두의 이야기로 쉽고 재미 있어요,1
과학,코스모스,3,워낙 유명한 책이라 샀는데 생각보다 두껍네요. 찬찬히 읽어보려고요.,0
과학,코스모스,4,우리는 코스모스에 존재한다,1
과학,코스모스,4,우주를 좋아했던 나에게 다시 한번 감동을 준다,1
과학,코스모스,3,잘 안읽힐까 걱정했는데 읽을만해요..,0
과학,코스모스,3,추천받아서 읽습니다. 과학에관심없는데 어렵지 않습니다,0
과학,코스모스,4,경이로운 우주의 세계,1
과학,코스모스,4,배송빨라서 좋았어요! 잘읽을께요~,1
과학,코스모스,4,재미있게 잘 읽힙니다~^^,1
과학,코스모스,4,5개월 전부터 읽어야지 읽어야지 했다가 드디어 읽게 되었다. 다소 두껍고 이해하기 어려운 부분도 있지만 소장할만한 가치가 있는 책이고 필독서라고 할만한 책이다.,1
과학,코스모스,4,"음. 정독하며 읽어도 쉽지 않은 부분도 있지만, 이렇게 생각하는 것도 있구나 하면 저자가 대단하게 느껴져요.",1
과학,코스모스,4,추천해요~~~~~~,1
과학,코스모스,4,"인간의 탄생을 우주(코스모스)에서 부터 찾아 인간사회의 평화를 위하여 지구를 아끼고 지켜야 하는 당위성을 담은 아름다운 서적, 코스모스 --&gt; 총균쇠 --&gt; 사피엔스 순으로 읽는것을 추천 드립니다.",1
과학,코스모스,4,우주 ㆍ천문ㆍ물리 의 궁긍증을 풀어주는 꼭추전하고싶은 코스모스 추천합니다,1
과학,코스모스,4,강박 완화에 도움이 될 거 같아요,1
과학,코스모스,4,"마음을 울리는 걸작, 내가 살아있을 때 읽을 수 있어서 다행인 책",1
과학,코스모스,4,좋아요! 책 분실하여 다시 재구매 했슴다...,1
과학,코스모스,4,"코스모스..제목은 알고 있었지만 왠지 어려울것 같고 너무 두꺼워 포기할것 같아 몇년을 망설였는데.. 전혀그럴필요가 없었습니다. 글을 잘 쓰시고, 번역도 잘 해 주셔서 잘 읽혔고.. 우리가 우주에서의 위치가 어떻게 되는지 구체적으로 글씨로 확인하는순간..아..라는 깨우침이 왔습니다. 현재 세상 이슈들이 실현되는순간 우리도 그리 잘난 사람이 아님을 뒤늦게 후회할지도.. 정말 파충류 기질을 가지고 있나 의심도해보고..^^ 다방면에 많은 이야기를 해주셨고, 많은 가르침을 받았습니다. 이런 책을 놓치지 않고 읽어서 다행입니다. 도전하시길요~~",1
과학,코스모스,4,우주 ㆍ천문ㆍ물리 의 궁긍증을 풀어주는 꼭추전하고싶은 코스모스 추천합니다,1
과학,코스모스,4,강박 완화에 도움이 될 거 같아요,1
과학,코스모스,4,"마음을 울리는 걸작, 내가 살아있을 때 읽을 수 있어서 다행인 책",1
과학,코스모스,4,좋아요! 책 분실하여 다시 재구매 했슴다...,1
과학,코스모스,4,"코스모스..제목은 알고 있었지만 왠지 어려울것 같고 너무 두꺼워 포기할것 같아 몇년을 망설였는데.. 전혀그럴필요가 없었습니다. 글을 잘 쓰시고, 번역도 잘 해 주셔서 잘 읽혔고.. 우리가 우주에서의 위치가 어떻게 되는지 구체적으로 글씨로 확인하는순간..아..라는 깨우침이 왔습니다. 현재 세상 이슈들이 실현되는순간 우리도 그리 잘난 사람이 아님을 뒤늦게 후회할지도.. 정말 파충류 기질을 가지고 있나 의심도해보고..^^ 다방면에 많은 이야기를 해주셨고, 많은 가르침을 받았습니다. 이런 책을 놓치지 않고 읽어서 다행입니다. 도전하시길요~~",1
과학,코스모스,4,좋아요 잘읽히네요 굿,1
과학,코스모스,1,교보문고 믿고 구매했는데 책 상태가 엉망이네요..,0
과학,코스모스,4,보급판으로 구매해서 유익한내용 잘읽었습니다.,1
과학,코스모스,4,아름 다운 봄에 행복을 더합니다♡,1
과학,코스모스,4,워낙 유명한 책이라 많은 설명이 필요 없을 것 같습니다. 읽으면서 꿈을 꾸는 기분이었어요.,1
과학,코스모스,4,칼세이건의 모든것이라는 생각이드는 책을 만난듯 합니다. 열심히 아껴 읽고 있어요. 칼세이건의 다양한 책을 연결해서읽어보려고 계획중입니다,1
과학,코스모스,4,학교에서 수행평가로 채택하게 되었는데 지금 읽기에는 조금 어려운 면이 있긴 하지만 유용하네요,1
과학,코스모스,4,말해뭐해.. 정말 좋네요,1
과학,코스모스,4,베스트셀러라 읽어보고 싶은 마음이 커서 구입해봤는데 책의 두께가 5cm도 넘는 방대한 양에 또한번 놀랐습니다. 짬짬이 잘 읽어보겠습니다,1
과학,코스모스,4,"우주에 관한 막연한 호기심이 들어서 집어들었는데, 사실 처음엔 엄청난 두께에 기겁했습니당... 근데 두께가 무색하게 술술술 잘 읽혀요! 고등 지구과학에서 배우는 내용 거의 수록돼 있어서 왜 청소년 권장도서라는지도 알겠고 진짜....진짜 재밌습니다 뼛속까지 문과인 저도 이해가 술술 돼요.",1
과학,코스모스,3,생각보다 책이 많이 두꺼워서 엄두가 안났는데 읽어보니 읽기 재밌어요 좋아요,0
과학,코스모스,4,학교 과학도서 활동시간에 읽는더ㆍ 정말 명작이네요,1
과학,코스모스,4,다양한 분야 꼭 필요한 도서,1
과학,코스모스,4,추천합니다.,1
과학,코스모스,4,드디어 샀다.,1
과학,코스모스,4,지금까지 읽어본적 없는 분야의 책이라 공부하는 느낌으로 읽고 있어요. 좋아요.,1
과학,코스모스,4,유용해요,1
과학,코스모스,4,우주는 우리와 같고 우리는 곧 우주다. 범아일여의 뜻이 여기에도 있네요.,1
과학,코스모스,4,추천해요!,1
과학,코스모스,4,원서로도 한번 읽고 싶네요,1
과학,코스모스,1,잘 읽을게요,0
과학,코스모스,4,여러번 사고 또 시간이 흘러 또 사서 다시 읽어도 전혀 아깝지 않은책~,1
과학,코스모스,4,이야기 듣는것처럼 술술 잘읽힙니다. 과학을 재밌게 접할 수 있어서 좋아요.,1
과학,코스모스,4,"흥미롭게 잘 읽고 있습니다.
책은 두껍지만 읽기에는 무리가 없습니다.
우주에 대해 다시 한 번 떠올려보는 시간이었습니다.",1
과학,코스모스,4,시작하기까지의 결심은 어렵지만 새로운 눈을 뜨게 해주는책,1
과학,코스모스,4,유용하게 잘 읽었습니다.,1
과학,코스모스,4,참 재밌습니다. 잘 읽혀요,1
과학,코스모스,4,창 재밌습니다,1
과학,코스모스,4,한번씩 호기심을 자극하기위해 읽기좋아요,1
과학,코스모스,4,아직모르겠어요,1
과학,코스모스,4,기대됩니다,1
과학,코스모스,4,모르던 사실을 알게되었다,1
과학,코스모스,4,아이가 무척 좋아합니아 어려울줄 알았는데 흥미진진하게 읽네요,1
과학,코스모스,4,훌륭한 기록,1
과학,코스모스,3,보급판도 괜찮아요.,0
과학,코스모스,4,책을 읽는 재미를 느낄 수 있게 해준 책입니다.,1
과학,코스모스,4,우주에 관심을 가지자 싸우지 말자,1
과학,코스모스,4,생각보다 아이가 무척 흥미진진해하며 재미있게 읽어요,1
과학,코스모스,4,재미있어요!,1
과학,코스모스,4,담임쌤이 추천해주신 책인데 어려워요.,1
과학,코스모스,4,좋아요.,1
과학,코스모스,4,잘 읽을게요,1
과학,코스모스,4,좋아요,1
과학,코스모스,4,소장하고 싶어서 구입했어요,1
과학,코스모스,4,문과출신으로 어렵겠지만 정독하고 있습니다!,1
과학,코스모스,4,좋아요.,1
과학,코스모스,4,잘 읽을게요,1
과학,코스모스,4,좋아요,1
과학,코스모스,4,소장하고 싶어서 구입했어요,1
과학,코스모스,4,문과출신으로 어렵겠지만 정독하고 있습니다!,1
과학,코스모스,4,좋아요~,1
과학,코스모스,4,우주의 신비함을 느낄 수 있다,1
과학,코스모스,4,좋아요.,1
과학,코스모스,3,"언제나 우주가 좋은 이유, 우주가 낭만적이고 아름답게 남아있을 수 있는 것은, 내가 가보지 못한 곳이기 때문에. 그렇기에 오늘도 우주를 꿈꾼다.",0
과학,코스모스,3,독서머리 공부법 에서 추천한 책인데 너무 두꺼워서 놀랬어요 아들은 매일 조금씩 읽고있어요,0
과학,코스모스,4,인류속... 칼 세이건이 있었기에 우주에 대한 갈증을 풀어 갈 수 있다. 지구에 있는 우리 모두는 소년이다. 칼세이건과 별을 통해 태초와 미래를 만나보자!,1
과학,코스모스,4,누구든지 필수 교양과학서적... 천문과학을 잘몰라도 우리의 삶에서 필독서... 유년시절 밤하늘을 보며 무한한 상상을 하던 답이 열린다. 우주 앞에서는 우리 모두는 소년이다. 지구도 대우주속에서는...,1
과학,코스모스,4,재밌을것같아요 둑겁네요ㅋ,1
과학,코스모스,4,읽고 싶은책 이었는데 재미있네요,1
과학,코스모스,4,좋은 책입니다. 재미있게 읽었습니다.,1
과학,코스모스,4,청소년들믜 독서능력을 향상시키는데 좋은책입니다,1
과학,코스모스,4,우주에 관심이 생겨서 읽게되었는데 재밌어요,1
과학,코스모스,4,우주에대해서 관심이 많았는대 쟈미도 있고 유익하기도 하고 무엇보다 새로운 시각을 가질수 있었습니다. 이책 추천해요^^,1
과학,코스모스,4,"아름다운 문장들, 그리고 보다 깊은 과학에 전반에 걸친 통찰력이 돋보이는 책",1
과학,코스모스,4,워낙 유명한 책이라서 방학동안 예비고1 아들 읽으려고 구매했는데 책 두께가 엄청^^,1
과학,코스모스,4,좋아요!,1
과학,코스모스,4,잘 읽혀요~,1
과학,코스모스,4,우주의 신비를 몸과 마음으로 느낄 수 있는 필독서,1
과학,코스모스,4,오래전부터 읽어보려 했던 책입니다. 이번에 상품 배송받고 3일간 정독중입니다. 상상의 나래를 펼치며 읽는중입니다. 집중도 잘되니 꼭 읽어보세요~,1
과학,코스모스,4,어렵지만 볼먼해요 열심히 봐요,1
과학,코스모스,4,빠르게 받았습니다 아직 읽고있습니다,1
과학,코스모스,4,보급판도 괜찮아요,1
과학,코스모스,4,잘 읽었어요,1
과학,코스모스,4,우주의 탄생부터 생명체의 탄생까지... 예비 고등학생들은 꼭 읽어보길 추천합니다!,1
과학,코스모스,4,너무 유익했습니다 많은 분들께 추천드리니다,1
과학,코스모스,4,"과알못으로 도전해 봤는데, 전부 이해했다고 말하긴 어렵습니다. 그러나 필독서를 끝낸 뿌듯함이 있습니다",1
과학,코스모스,4,재미있어요!!,1
과학,코스모스,4,깊이 있는 내용을 다루는데도 술술 잘 읽혀요. 섬세한 설명이 상상하는데 큰 도움이 됩니다.,1
과학,코스모스,4,아들이 구입해 달라해서 구입했는데 좋아합니다.,1
과학,코스모스,4,"천문학 교양 수업을 듣다가 교수님의 추천으로 읽어보게 되었습니다. 여타 천문학, 우주 관련 서적들과 다른 점은 저자의 문체가 상당히 문학적이라 모르는 분야의 이야기를 쉽게 받아들이게 해준다는 것입니다. 비전공자이고 과학에도 문외한이라 모르는 이론이 상당히 많은데도 어렵지 않게 읽을 수 있어서 좋았습니다.",1
과학,코스모스,3,어려워요ㅜ,0
과학,코스모스,4,우주의신비,1
과학,코스모스,4,내용이 흥미진진하고 좋아요,1
과학,코스모스,4,천문에 관한 역사를 읽기 쉽게 쓴 명작,1
과학,코스모스,3,책을 받아서 넘겨보는데 다섯페이지 정도 접혀서 왔네요 교환까지는 귀찮아서 그냥 읽는데 다음엔 책 확인 꼼꼼하게 부탁드려요,0
과학,코스모스,4,우주를 봅니다.,1
과학,코스모스,4,처음 읽을땐 이해가안됬지만 여러번읽어보니 정말 우주에대한 신비함이 생겨 너무 재미있었고 몇번계속 돌려 읽을생각입니다 정말 유용한책인것같습니다.,1
과학,코스모스,4,남편이 10년전에 읽었던 책 다시 읽어싶어해서 크리스마스 선물로 구매했어요. 워낙 유명한 책이라 잘 읽을게요~,1
과학,코스모스,4,언제나 짱이죠,1
과학,코스모스,4,두께는 두껍지만 글자크기가 크고 종이도 좋아서 잘 읽혀요.,1
과학,코스모스,4,"인류는 코스모스에서 태어났으며, 인류의 장차 운명도 코스모스와 깊게 관련되어 있다. 인류 진화의 역사에 있었던 대사건들 뿐 아니라, 아주 사소하고 하찮은 일들까지도 따지고 보면 하나같이 우리를 둘러싼 우주의 기운에 그 뿌리가 닿아 있다.",1
과학,코스모스,4,기대되는 책이예요!,1
과학,코스모스,4,good!,1
과학,코스모스,4,좋습니다.,1
과학,코스모스,4,내 것을 사고 제자에게 선물로 주려고 한 권을 더 구입했습니다. 유용한 선물이 될 거라고 믿습니다. ^^ 청소년들이 꼭 읽어 보았으면 합니다.,1
과학,코스모스,4,"인류는 코스모스에서 태어났으며, 인류의 장차 운명도 코스모스와 깊게 관련되어 있다. 인류 진화의 역사에 있었던 대사건들 뿐 아니라, 아주 사소하고 하찮은 일들까지도 따지고 보면 하나같이 우리를 둘러싼 우주의 기운에 그 뿌리가 닿아 있다.",1
과학,코스모스,4,기대되는 책이예요!,1
과학,코스모스,4,good!,1
과학,코스모스,4,좋습니다.,1
과학,코스모스,4,내 것을 사고 제자에게 선물로 주려고 한 권을 더 구입했습니다. 유용한 선물이 될 거라고 믿습니다. ^^ 청소년들이 꼭 읽어 보았으면 합니다.,1
과학,코스모스,4,코스모스는 코스모스를 정리했다,1
과학,코스모스,4,매장에 가서 작접 들고왔습니다. 양장본 보다 좀 더 맘 편히 볼 수 있어 좋네요^^,1
과학,코스모스,4,잘 읽고 너무 좋아 선물합니다,1
과학,코스모스,1,"책은 너무 좋은데요ㅠㅠ 진짜 교보문고 온라인 주문을 하기 싫어지는 게, 책이 더러워요ㅠㅠ 밑에도 검은 물 자국?이 있어서 물티슈로 닦아내면 책이 주름져요ㅠㅠ 매장에서 깨끗한 책 사고 말지ㅠㅠ 신간은 깨끗한 책오는데 이렇게 몇 년된 책은 그러네요ㅠㅠ 제일 기대한 책인데 교보문고 온라인은 관리상태에 대해 너무 실망입니다!!",0
과학,코스모스,4,살면서 꼭 한 번은 읽어봐야 하는 책이라고 생각합니다. 풍요로운 연말이 될 것 같아요. ^^,1
과학,코스모스,4,필독서라 구매했어요 반복해서 정독하려고요,1
과학,코스모스,4,엄청 두껍네요.,1
과학,코스모스,4,너무도 유명한 책. 보급판이 있어 좋네요.,1
과학,코스모스,4,뭐 평이 필요없는 책이죠,1
과학,코스모스,4,긴 겨울에 읽을 책으로 주문했어요. 이번 연말은 700페이지 책과 함께~,1
과학,코스모스,4,천문학에 대한 막연한 이미지가 구체화됩니다.,1
과학,코스모스,4,오래전에 구입했던 책이 있는데 번역이 어색해서 새로 구입했습니다. 천천히 읽는 중입니다.,1
과학,코스모스,4,뭐 그냥 말이 필요없는 책,1
과학,코스모스,4,워낙 유명한책이라 주저없이 주문했어요,1
과학,코스모스,4,조카선물했는데 매우 좋아허네요,1
과학,코스모스,4,어렵지만 아이들이 좋아해요,1
과학,코스모스,4,이제야 시작해보려 합니다. 코스모스,1
과학,코스모스,4,올해목표,1
과학,코스모스,4,드디어 읽기 시작합니다 읽어보고 싶었던 책인데 쌓아둔 책부터 읽고 드디어 시작합니다 열심히 정독중인데 잘 읽히네요,1
과학,코스모스,4,생각을 많이 허게 됩니다.,1
과학,코스모스,3,좀어려워보이지만...유용할듯,0
과학,코스모스,4,내가 모르는 세계를 배우는 느낌이 아주 미묘합니다. 100프로 이해 할려고 읽기엔 나의 지식이 부족한것 같네요! 그래도 정독!,1
과학,코스모스,4,재미있어요 덕분에 천문학에 빠져버렸네요..,1
과학,코스모스,3,잘 받고 잘 읽고 있습니다 감사합니다,0
과학,코스모스,4,시간을 길게두고 보는 책~,1
과학,코스모스,4,"대단한 책인건 누구나 알고,,다만 전공분야도 아니고 고등학교에서 물리 지구과학 공부한지도 너무 오래되어 중간중간 이해안가는게 있고, 번역이 약간 자연스럽지 않아 다소 난독이.. 진도가 잘 안나가고 노력이 다소 필요하네요",1
과학,코스모스,4,필독서라 꼭 읽어보고 싶었네요 이벤트로 저렴히 사서 좋아요 당일 배송도 편해요^^,1
과학,코스모스,3,굿굿,0
과학,코스모스,4,아주 좋아오 필독입니당,1
과학,코스모스,4,"학창시절 물리학 수업이 다시 떠오르는 전문용어들 결국은 우주 속에 지구, 또 그 지구 속에 우리, 바쁜 일상과 닥쳐 있는 삶 속에 한 번도 생각해보지 못한 우리네 삶의 의미, 지구, 자연, 생태계의 보호를 위한 고민들 내가 지금 누릴 수 있는 자연과 삶과 순간에 대한 감사 개인적인 의견이지만 삶의 여유와 행복의 의미를 새롭게 정의해 볼 수 있는 기회가 되는 책인 듯",1
과학,코스모스,4,"한 페이지를 넘기면 넘길수록 1980년대에 쓰여진 책이라고는 믿을 수 없는 놀라움과 기발함, 신선함의 연속이었다. 읽으면서 내가 우주 만물의 먼지같다(?)는 하찮은 감정도 느껴졌지만 칼 세이건인 전하고자 하는 코스모스는 한편으로는 내가 우주 만물의 그 자체다라는 뿌듯함도 안겨주었다.",1
과학,코스모스,4,잘 읽었습니다,1
과학,코스모스,4,세상을 넓혀주는 책,1
과학,코스모스,4,믿고 보는 고전!,1
과학,코스모스,4,열심히 읽어보려고 다짐해 봅니다,1
과학,코스모스,3,잘 읽고 있어요,0
과학,코스모스,4,너무 좋습니다!,1
과학,코스모스,4,더 이상의 부연 설명이 필요없는 이 시대 최고의 고전 중 하나,1
과학,코스모스,4,재미있어요,1
과학,코스모스,4,오랫동안 고민끝에 드뎌 읽기시작ㅎㅎ 끝까지 재밌게 잘 읽을수있기를 바랍니다^^,1
과학,코스모스,4,평소에 너무 읽고 싶었던 책.. 조금씩 공부하며 읽어야겠어요,1
과학,코스모스,4,선물하려고 구입했습니다.,1
과학,코스모스,4,딸아이가 읽고 싶다고 ..졸라서...,1
과학,코스모스,3,죽기전에 한번쯤 읽어도 좋을책,0
과학,코스모스,4,기대됩니다,1
과학,코스모스,4,평소에 너무 읽고 싶었던 책.. 조금씩 공부하며 읽어야겠어요,1
과학,코스모스,4,선물하려고 구입했습니다.,1
과학,코스모스,4,딸아이가 읽고 싶다고 ..졸라서...,1
과학,코스모스,3,죽기전에 한번쯤 읽어도 좋을책,0
과학,코스모스,4,기대됩니다,1
과학,코스모스,4,워낙 유명한책. 책 두께에 두려워 말고 스타트~,1
과학,코스모스,3,중간중간 지식적인 부분이 어렵긴 했지만 전체적으로 흐름은 잘 읽히는 과학교양서~,0
과학,코스모스,4,필독서인데 이제서야 읽어봅니다. 기대됩니다.,1
과학,코스모스,4,좋아요.,1
과학,코스모스,4,두꺼운 책이지만 너무 재밌어서 페이지수가 모자라게 느껴져요,1
과학,코스모스,4,좋아요.,1
과학,코스모스,4,애가 읽고 싶다해서 주문했네요. 유명한책이라 저도 읽어봐야겠어요.,1
과학,코스모스,4,명작이라 구매했어오ㅡ,1
과학,코스모스,4,과학을 좋아하는 사람은 꼭 읽어야하는 착,1
과학,코스모스,4,알고 싶고 궁금했던 이야기를 알게 됩니다,1
과학,코스모스,4,정말 이 책은 인생을 살아갈 사람이라면 꼭 읽어봐야하는 책입니다... 평소에 비즈니스분야 책만 주구창창 읽다가 이걸 읽으니 뭔가 묘하네요...,1
과학,코스모스,4,유시민작가님이 추천한 책! 과연 그럴만 함,1
과학,코스모스,4,우주에 관심이 많아서 구매 했는데 잘 읽을게요.,1
과학,코스모스,4,칼세이건 덕분에 인터스텔라같은 영화도 가능했던것 같네요 강추하는 소장서입니다,1
과학,코스모스,4,좋아요,1
과학,코스모스,4,이런 책을 이제 읽다니,1
과학,코스모스,4,아주 좋아요... good입니다...^^,1
과학,코스모스,4,아이가 읽어보고 싶어했던 책,1
과학,코스모스,4,시간이 필요,1
과학,코스모스,4,책 받고 언제 다 읽지 했는데 읽다보니 금방이네요~,1
과학,코스모스,4,우주 물리 생물 역사 심리 사회의 이해는 교양이다.,1
과학,코스모스,4,읽어보고싶었던 책이에요 기대됩니다,1
과학,코스모스,4,잼있어요.,1
과학,코스모스,4,굳,1
과학,코스모스,4,오래전부터 꼭 읽어보고 싶었던 책을 드디어 구매했어요!! 너무나 기대됩니다!!,1
과학,코스모스,4,기대된는책,1
과학,코스모스,4,잘 읽었습니다.,1
과학,코스모스,4,꼭 완독하겠습니다!,1
과학,코스모스,4,꼭 읽어보고 싶은 필독서 추천 합니다,1
과학,코스모스,4,고전은 고전이다 잘 읽겠습니다,1
과학,코스모스,4,읽기 쉽고 재밌어요.,1
과학,코스모스,3,내용이 어렵긴 하지만 유익한 내용들이 많아 좋습니다.,0
과학,코스모스,4,학교 추천책으로 구입했어요. 추천드립니다.,1
과학,코스모스,4,잘 읽었어요 신기합니다.,1
과학,코스모스,4,설민석 강사님 강의 듣고 바로 구매하게 됐습니다. 너무 기대돼요!!,1
과학,코스모스,4,좋아요,1
과학,코스모스,4,"유시민 작가님의 추천도서 목록에 있어서 구매한 책인데, 우주에대한 질서와 인류의 진화론에 대한 내용이 아주 유익하고 흥미를 끄는 책이네요. 다큐로 방영도 된 내용이라 다큐도 보고 책도읽고. 다큐로 영상을 보고나서 책으로 읽으면 생상이 잘됩니다 ㅎ 이세상의 작은일도 우연이 아닌 법칙에 의해 일어나고 있다는 것에 놀라고 나의 무지함에 다시 한번 놀라고. 두꺼워도 아주 유용한 내용입니다.",1
과학,코스모스,4,책 상태 좋습니다.,1
과학,코스모스,4,매우 유익한 책입니다. 추천해요.,1
과학,코스모스,4,좋아요,1
과학,코스모스,4,소장가ㅣ있는 책이죠,1
과학,코스모스,4,영화 인터스텔라 보고나서 읽고있는데 정말 재밌습니다,1
과학,코스모스,4,학교추천책으로 구매했어요,1
과학,코스모스,3,읽는중입니다!,0
과학,코스모스,4,재미있고 유익하고 잘 읽혀요,1
과학,코스모스,4,소장가ㅣ있는 책이죠,1
과학,코스모스,4,영화 인터스텔라 보고나서 읽고있는데 정말 재밌습니다,1
과학,코스모스,4,학교추천책으로 구매했어요,1
과학,코스모스,3,읽는중입니다!,0
과학,코스모스,4,재미있고 유익하고 잘 읽혀요,1
과학,코스모스,4,우리 인류에게 주는 메시지가 확실한 책입니다. 역시 인정받는 고전은 메시지가 강렬합니다,1
과학,코스모스,4,과학에 충실한 과학 이야기를 담은 책.,1
과학,코스모스,4,어릴적 집에 있던 책인데 그땐 우주사진만 보고 좋아했어요 이제야 정독합니다,1
과학,코스모스,4,"책읽어드립니다 방송 보고 주문했는데, 아주 재밌습니다.",1
과학,코스모스,4,책 내용이 좋아요~,1
과학,코스모스,4,중2 아들이 읽고있어요. 우주에 간 느낌이라네요.,1
과학,코스모스,4,중2 아들이 읽고있어요. 우주에 간 느낌이라네요~,1
과학,코스모스,4,"총균쇠, 지리의 힘 읽고 이어 읽으려고 구입했습니다! 같이 보면 더 좋을것 같아요",1
과학,코스모스,4,기본중의 기본서 우주 탐험하기,1
과학,코스모스,4,최고입니다..,1
과학,코스모스,4,좋아요 잘읽고있어요,1
과학,코스모스,4,과학에 대해서 더 많이 알아갈 수 있게 되는 책입니다,1
과학,코스모스,3,무한하고 신비한 우주를 여행하는 경험하게 해주는 책,0
과학,코스모스,4,좋아요!,1
과학,코스모스,4,오랜 고전은 다 이유가,1
과학,코스모스,4,과학에 관심있는사람이라면 봐야 할 책!,1
과학,코스모스,4,아이 읽히려고 주문했으나 남편이 먼저 읽어버리네요,1
과학,코스모스,4,정말로 기대가 되는 작품입니다.,1
과학,코스모스,4,몇번이고 읽어도 좋은 책.,1
과학,코스모스,3,좋아요,0
과학,코스모스,4,사색,1
과학,코스모스,4,원래 우주소재에 많이 끌리는 편이지만 이처럼 우주에관해 자세하게 나와있는 도서입니다~,1
과학,코스모스,4,제가 읽고 감명받아 동생에게 선물한 책입니다,1
과학,코스모스,3,자연우주와 인간에 대해 알수 있었다,0
과학,코스모스,4,우주에 대해 알아보는 시간,1
과학,코스모스,4,사랑한다면 칼 세이건처럼,1
과학,코스모스,4,집에 한권쯤 소장할만하다,1
과학,코스모스,3,과학에 관한 책이지만 읽기 좋다,0
과학,코스모스,4,과학에 관심 많은분이라면 읽어보세요,1
과학,코스모스,4,아직 읽지는 않았지만 너무 기대 됩니다.,1
과학,코스모스,4,'우리는 과연 누구란 말인가?',1
과학,코스모스,3,넘 어렵,0
과학,코스모스,4,최고의 과학도서 명전,1
과학,코스모스,4,우주에 가보고 싶어요,1
과학,코스모스,4,"과학 싫어하는데, 이 책을 읽고 극복해보고 싶어 샀어요",1
과학,코스모스,4,코스모스 처음 만나는데 멋있네요 여러번 읽어야 한다길래 유명하기도 해서 샀어요,1
과학,코스모스,4,책이 두꺼워서 부담스럽다 느꼈는데 내용이 술술 잘 읽히고 흥미로워요,1
과학,코스모스,4,두 구간 정도 컬러사진이고 나머지는 흑백입니다 종이는 보급판 답네요 가격 생각하면 충분합니다,1
과학,코스모스,4,"가성비 굿, 소장각",1
과학,코스모스,4,너무 재밌어요,1
과학,코스모스,4,코스모스에 관한 책,1
과학,코스모스,4,평소에 지구과학 우주쪽에 관심이좀 있었는데 거기에 관련된 책이라 좋아요 ㅎㅎ 워낙유명한책이라 필독서중 하나라 구매했어요!! 잘 읽겠습니다~,1
과학,코스모스,4,너무 재밌게 읽은 책이라 동생에게 선물하려 한권 더 구입했어요 동생도 재밌게 읽고 있습니다,1
과학,코스모스,3,책이 두껍고 제게는 생소한분야라 어렵지만 우주에 대해 알아가는 재미가 있습니다,0
과학,코스모스,4,좋아요,1
과학,코스모스,4,코스모스에 관한 책,1
과학,코스모스,4,평소에 지구과학 우주쪽에 관심이좀 있었는데 거기에 관련된 책이라 좋아요 ㅎㅎ 워낙유명한책이라 필독서중 하나라 구매했어요!! 잘 읽겠습니다~,1
과학,코스모스,4,너무 재밌게 읽은 책이라 동생에게 선물하려 한권 더 구입했어요 동생도 재밌게 읽고 있습니다,1
과학,코스모스,3,책이 두껍고 제게는 생소한분야라 어렵지만 우주에 대해 알아가는 재미가 있습니다,0
과학,코스모스,4,좋아요,1
과학,코스모스,4,잘 읽겠습니다.,1
과학,코스모스,4,코스모스 정독하려고 하는데 양장판은 부담되어서 일단 보급판으로 구매했습니다,1
과학,코스모스,4,"천문학이란 타이틀을 가진 책이지만 과학을 이해하고 대하는 태도, 인문학 및 심리학의 기저도 속속들이 자극을 하는 이성과 감성의 적절히 조화된 훌륭한 책.",1
과학,코스모스,4,책하나로 우주여행을?,1
과학,코스모스,3,"아직읽어보지 않았는데, 좋아보여요? 이거 읽고 천체물리학자의 꿈을 꿀 수도..",0
과학,코스모스,4,좋은 책 감사합니다,1
과학,코스모스,4,아직 안 읽어봤지만 기대가 됩니다,1
과학,코스모스,4,우주의 일부분인 인류가 한번은 읽어봐야 할 책,1
과학,코스모스,4,두꺼운 책이지만 아들이 열심히 읽고 있습니다 설샘을 좋아하더나ㆍㆍㅎㅎㅎ 과학의 필독서라면서ㆍㆍ^^,1
과학,코스모스,3,촣아요,0
과학,코스모스,4,많은 사람들이 이 책을 읽었으면 좋겠어요 받자마자 읽기 시작했는데 어렵지않게 읽어져요 철학과 과학을 동시에 하게하는 책인듯,1
과학,코스모스,4,과학에 대한 관심이 있다면 꼭 권하고 싶은책 입니다. 처음 시작이 너무 두꺼워서 책읽어 드립니다의 해설을 듣고 읽어 가기 시작했습니다. 보급판이지만 하드커버만 아니지 책은 좋습니다. 저도 한번읽고 다시 또 세세히 읽고 있습니다.,1
과학,코스모스,4,.,1
과학,코스모스,4,최고의 책,1
과학,코스모스,4,고전의 클라스. 이 세계를 이해하기 위한 또 하나의 질서 지침서.,1
과학,코스모스,4,시작하고 있어요,1
과학,코스모스,4,좋아요,1
과학,코스모스,4,보급판이라 그냥 별기대안했는데 좋네요,1
과학,코스모스,4,잘봤습니다,1
과학,코스모스,4,어려운 내용인데..도전~~,1
과학,코스모스,4,우주에 대한 아름다운 서사시,1
과학,코스모스,4,우주에 대한 서사시,1
과학,코스모스,4,최고의 과학 교양 도서,1
과학,코스모스,4,지금 읽어도 유익한 책,1
과학,코스모스,4,문득 다시 정독하고 싶은 책이라서 구매했어요.,1
과학,코스모스,4,우주 말고도 상식에 대해서 폭넓게 알수있음 작가는 천재였어,1
과학,코스모스,4,아직 읽진 않았지만 기대되요ㅎㅎ,1
과학,코스모스,4,정말 좋은책 추천합니다,1
과학,코스모스,4,내용은 어렵지만 끝까지 읽어보려 합니다,1
과학,코스모스,4,"칼 세이건과 같은 생각을 갖고 시대를 살아간다면 어떨까요?
지식과 겸손까지 갖출수있을거라 생각합니다
꼭 한번 읽어보시기 바랍니다",1
과학,코스모스,3,우주의 신비를 느끼게 하네요,0
과학,코스모스,4,good~!,1
과학,코스모스,4,옛날부터 읽고 싶던 책을 이제야 구매했네요.,1
과학,코스모스,3,신랑선물이요 아직 못읽었어요,0
과학,코스모스,4,광대한우주가궁금해구입하게되었는데우주와역사를동시에알게되어흥미롭습니다.책을놓을수없게만드네요,1
과학,코스모스,4,재미있어요,1
과학,코스모스,4,우주에 관심있다면 읽어봐야할 책.,1
과학,코스모스,4,재밌어요,1
과학,코스모스,4,아직 책많이사서못봤네요 훑어보기는했는데 흥미로워요,1
과학,코스모스,4,공부하는 재미가 있습니다,1
과학,코스모스,4,책의 잉크냄새인지 머리가 띵하네요 방에서 냄새가 ㅠ 오래갈듯. 가격을 올려도 냄새 안나게 만들면 좋을듯,1
과학,코스모스,4,너무좋아요,1
과학,코스모스,4,좋아,1
과학,코스모스,4,천천히 정독중. 좋은책입니다,1
과학,코스모스,4,책 구매전 ‘책읽어드립니다’프로그램에서 다뤄주셔서 친숙한 느낌으로 구매하였네요 좀더 확트인 상상력을 발휘해보렵니다,1
과학,코스모스,4,책의 잉크냄새인지 머리가 띵하네요 방에서 냄새가 ㅠ 오래갈듯. 가격을 올려도 냄새 안나게 만들면 좋을듯,1
과학,코스모스,4,너무좋아요,1
과학,코스모스,4,좋아,1
과학,코스모스,4,천천히 정독중. 좋은책입니다,1
과학,코스모스,4,책 구매전 ‘책읽어드립니다’프로그램에서 다뤄주셔서 친숙한 느낌으로 구매하였네요 좀더 확트인 상상력을 발휘해보렵니다,1
과학,코스모스,4,좋아요.,1
과학,코스모스,4,광활한 우주의 아름다움.,1
과학,코스모스,4,정말 너무 유익하고 우주박사가 되기 위한 필독서에오!,1
과학,코스모스,3,천천히 여러번 읽어요,0
과학,코스모스,3,좋아요,0
과학,코스모스,3,시간이 지나고 다시 한번 읽어야겠어요,0
과학,코스모스,4,이책은 두께때문에 망설여졌지만 소장가치의 책이다.책읽어드립니다를 통해 먼저 접하고 1장 부터 13장까지 차례로 읽어 내려가는중 중고등 독서 토론에도 좋은책이다. 피타고라스가 말한 이 코스모스 정말 멋진 이름 아닐까 생각한다.,1
과학,코스모스,4,좋아하는 책,1
과학,코스모스,4,초등학생이 읽기에는 무리가 있어보이나 유용한책이네요,1
과학,코스모스,4,굿,1
과학,코스모스,4,고등 아들 필독서,1
과학,코스모스,4,재밌어요,1
과학,코스모스,4,술술 읽힙니다. 보급판 사소나니 원래 책을 살까 고민중입니다,1
과학,코스모스,4,재미있게 읽을수 있어요.,1
과학,코스모스,4,칼쎄이거네 카쓰마쓰,1
과학,코스모스,4,아이가 읽어보고 싶다해서 구매했습니다. 궁금한게 너무 많아서 정독하고 있습니다,1
과학,코스모스,4,좋네요,1
과학,코스모스,4,오 두께엔 거부감이드나 생각보다 잘 읽혀욯ㅎ,1
과학,코스모스,4,아직 읽기 전 기대됩니다,1
과학,코스모스,4,좋은 책,1
과학,코스모스,4,좋아요,1
과학,코스모스,4,감동적인 책이다,1
과학,코스모스,4,재미있게 잘 읽힙니다.,1
과학,코스모스,4,읽고싶었던 책입니다.,1
과학,코스모스,3,가벼운 페이퍼 버젼이어서 부담감이 조금 줄었어요. 흥미로운 우주의 세계,0
과학,코스모스,4,구뜨,1
과학,코스모스,3,집중해야해요,0
과학,코스모스,3,읽고싶었던 책이었어요,0
과학,코스모스,3,보급판이라 인쇄가 옅은 부분이 몇 군데 있었지만 신경 쓰이는 정돈 아니였다,0
과학,코스모스,4,다음 페이지 기대하며 읽어가고 있습니다.,1
과학,코스모스,4,정말 훌륭한 책입니다,1
과학,코스모스,3,엄청 두꺼워요 재밌을거 같아요,0
과학,코스모스,4,우주와 인류에 관한 이모저모를 몇 가지 주제로 세분화하여 정리한 명서. 두껍다.,1
과학,코스모스,4,어려운 책인줄 알았는데 아직 초반이지만 읽어보니 잘 읽히고 흥미로우며 집중해서 읽을 땐 우주의 세계에 빠진 것 같은 느낌이에요. 꼭 완독할 예정입니다.,1
과학,코스모스,4,좋아요.,1
과학,코스모스,4,책의 두께에 놀라고 내용에 더 놀라는 책,1
과학,코스모스,4,과학을 빌어 삶을 통찰할수있는 시간을 만들다,1
과학,코스모스,4,아주 잘읽고있어요.,1
과학,코스모스,4,좋아요,1
과학,코스모스,4,천천히 정독중입니다 ^^,1
과학,코스모스,4,과학소설?잘 안읽히지만 다시 도전해봅니다,1
과학,코스모스,4,좋아요.,1
과학,코스모스,4,두꺼운데 아이가 잘 읽네요,1
과학,코스모스,4,설렞니다.,1
과학,코스모스,4,잘읽히는책을쓰는것이작가로서는멋진일,1
과학,코스모스,4,과학소설?잘 안읽히지만 다시 도전해봅니다,1
과학,코스모스,4,좋아요.,1
과학,코스모스,4,두꺼운데 아이가 잘 읽네요,1
과학,코스모스,4,설렞니다.,1
과학,코스모스,4,잘읽히는책을쓰는것이작가로서는멋진일,1
과학,코스모스,4,만족합니다,1
과학,코스모스,4,좀 어렵지만 열심히 읽어보겠습니다!,1
과학,코스모스,4,서점에 가면 항상 살까 말까 망설이게 되는 책... 과연 내가 이 책을 읽을것인가.. ? 몇년동안 망설아기만 하다가 책소개 프로그램에서 보고 질렀어요. 언젠가 꼭 읽으려구요.,1
과학,코스모스,3,잠자기전 읽으면 정말 잠이 쏟아지네요ㅎ 낮에는 읽을시간이 없어 밤에 읽게되는데.. 진도가 안나갑니다ㅠ,0
과학,코스모스,3,좋아요,0
과학,코스모스,4,자연봐 인류 문명에 대한 뛰어난 감탄,1
과학,코스모스,4,"몇년 전부터 벼르고 있었는데, 요즘 시간이나서 구입해 읽어보았습니다. 그저 칼세이건의 팬이 된거 같습니다.",1
과학,코스모스,4,남편이 추천해준 책이에요. 아이들도 칼세이건 다큐를 찾아보네요,1
과학,코스모스,4,좋아요!,1
과학,코스모스,4,우주속의 나 빅인사이트를 제공합니다,1
과학,코스모스,4,"우주, 지구, 나에 대한 명쾌한 도서입니다",1
과학,코스모스,4,어려울지 알았는데 너무 재밌게 읽었어요,1
과학,코스모스,4,좋아요좋아요좋아요좋아요좋아요,1
과학,코스모스,4,명작답게 책이 좋네요,1
과학,코스모스,4,거대한 우주속에서 나는 먼지보다 작지만 오히려 제 자신이 더 특별하고 귀하다는 생각이 들게 하네요 책의 내용이 웅장하고 장엄하게 느껴집니다,1
과학,코스모스,4,책을 보는데 모르는 단어가 나올때마다 검색하면서 보니 시간은 오래 걸리지만 그래서 그런지 여운이 많이 남네요~ 질서있는 이 커다릴 우주를 접하니 시야가 확실히 넓어지네요~,1
과학,코스모스,4,최고의 책입니다. 필독서입니다.,1
과학,코스모스,4,최고예요!,1
과학,코스모스,4,우두를 이해하는 첫걸음,1
과학,코스모스,4,꼭 읽어보세요,1
과학,코스모스,4,꼭 읽어보세요,1
과학,코스모스,4,흥미로운 책이에요. 진작 읽어볼 걸 그랬어요.,1
과학,코스모스,4,내용 좋아요,1
과학,코스모스,4,뭐라 더 쓸 말이 있겠습니다. 칼세이건의 대표적인 저서이자 천문학의 기본서 코스모스.,1
과학,코스모스,4,"꼭 읽어봐야한다고 추천 받아서 구매했는데요, 조금씩 한장 한장 읽게되는 매력이 있습니다. 정독해서 끝까지 읽고 싶어요~",1
과학,코스모스,3,지금까지 읽지 않았던게 후회되여ㅜㅜ,0
과학,코스모스,4,오랜만에 음미해 보렵니다,1
과학,코스모스,4,고3아들읽히려고 구매했어요 어렵다고 하면서도 열심히 읽고있어요,1
과학,코스모스,4,과학과 철학에 대한 내용이 있어서 매우 유익합니다.,1
과학,코스모스,4,저한테는 조금 어렵지만 꾸준히 읽다보면 좋아질 것 같습니다.,1
과학,코스모스,4,재밌어요,1
과학,코스모스,4,좋아요.,1
과학,코스모스,4,우주에 흥미를 돋우는 책 최고,1
과학,코스모스,4,정말 유용한 책이에요,1
과학,코스모스,4,재미있어요,1
과학,코스모스,4,시야를 넓혀주는 책,1
과학,코스모스,4,"분자생물학부터 천체물리학을 아우르고, 자칫 남의 일 같은 우주를 우리의 관념과 존재로 연결시켜주는 책. 심지어 철학적 사유를 내재화시켜주는 과학계열의 고전 중 고전. 이공계 전공자는 비교적 쉽게 이해하고 넘길 수 있으나 그렇지 않으면 많은 다짐이 필요할 듯",1
과학,코스모스,4,아직 어리지만 아들과 읽으려고 샀는데 아들이 먼저 몇페이지 읽더니 재미 있을것 같다고 하네요~~기대됩니다,1
과학,코스모스,4,너무좋아요,1
과학,코스모스,2,어렵지만 열심히 보겠습니다,0
과학,코스모스,4,감동이에요,1
과학,코스모스,4,좋습니다. ^^,1
과학,코스모스,4,코스모스를 통해 철학을 읽다.,1
과학,코스모스,4,인간의 본질을 철학이 아닌 과학적으로 다루고 있습니다.,1
과학,코스모스,4,예전부터 사야지사야지했다가 티비에 나온거보고 맘먹고 구입했네요.. 아직 초반이지만 정독해보려합니다~,1
과학,코스모스,4,감동이에요,1
과학,코스모스,4,좋습니다. ^^,1
과학,코스모스,4,코스모스를 통해 철학을 읽다.,1
과학,코스모스,4,인간의 본질을 철학이 아닌 과학적으로 다루고 있습니다.,1
과학,코스모스,4,예전부터 사야지사야지했다가 티비에 나온거보고 맘먹고 구입했네요.. 아직 초반이지만 정독해보려합니다~,1
과학,코스모스,4,잘 읽히고 재밌어요,1
과학,코스모스,3,잘 읽어보겠습니다.,0
과학,코스모스,3,잘 읽어보겠습니다.,0
과학,코스모스,4,아들이 베개냐며 두께에 놀라네요ㅋㅋ엄마부터 정독하려고 구입했습니다. 일단 그 방대한 분량에 기죽기는 하지만 하루에 100페이지씩 읽음 일주일이면 되겠네요.,1
과학,코스모스,4,과학 필독서 1위한 이유를 알 것 같습니다,1
과학,코스모스,4,좋아요.,1
과학,코스모스,4,지구를 넘어 우주로. 내 생각을 넖혀보고싶다.,1
과학,코스모스,4,누구나읽어야할책,1
과학,코스모스,3,책은 너무 좋은데 안 쪽에 찢어진 부분이 있어서 아쉽네요,0
과학,코스모스,3,우주의 탄생과 변천과정을 날카롭게 파헤친 업적을 기록한 훌륭한 저서임,0
과학,코스모스,4,최근의 경제상황을 설명할 수 있는 연구 결과라 생각됨.,1
과학,코스모스,4,끝까지 정독해보려구요...,1
과학,코스모스,4,아직 읽기 전이라 말씀을 못 드려요^^,1
과학,코스모스,3,기대됩니다,0
과학,코스모스,4,평생두고봐야할책,1
과학,코스모스,4,칼 세이건이 펼쳐 보이는 대우주의 신비,1
과학,코스모스,4,어렵고 멀기만한 과학을 겁도없이 읽기 시작한 이 두꺼운 책이 흥미를 일으키게 만들었다,1
과학,코스모스,4,보급판이 나와서 좋아요,1
과학,코스모스,1,인생의 한번쯤은 꼭 읽어봐야할 책입니다. 아주 유용합니다.,0
과학,코스모스,3,좋아요,0
과학,코스모스,3,재밌어요~~^^저번부터읽고싶은책,0
과학,코스모스,4,많이 두꺼워서 내가 읽을수있을까 싶었는데 생각보다 술술 잘읽히고 기발한 생각들이 많아 정말로 재미있어요 ㅎㅎㅎ,1
과학,코스모스,4,세밀하게 정독중입니다. 학교다닐때 과학공부좀 열심히할껄...,1
과학,코스모스,4,페이지가 엄청 나지만 정독할 가치가 있다고 여겨집니다.^^,1
과학,코스모스,3,"좀 어렵지만, 상상밖의 세상을 맛볼수 있는 기회가 되었어요.",0
과학,코스모스,4,필독서라서 샀어요,1
과학,코스모스,4,가슴뛰네요,1
과학,코스모스,3,코스모스의 비밀을 밝히기 위한 인류의 위대한 도전의 역사가 잘 정리되어 있다. 현재 기준으로 그리고 평소 우주에 관심이 많은 사람들 입장으로는 유트브나 인터넷에서 취할 수 있는 내용이 대부분이라 조금 실망스러울 수도 있다. 그리고 인류의 우주주 개척의 당위성에 대해 너무 이상적이고 감성적으로 접근하고 있다. 유렵의 신대륙의 발견/개척과 제국주의 시대의 역사가 금과 원자재 및 소비시장을 얻기 위함이였음을 상기시켜보면 우주개척을 통해 자본가와 기업에게 경제적 실익을 줄 수 있다는 Vision을 제시해 줬다면 더욱 좋았을 것이다.,0
과학,코스모스,4,굿,1
과학,코스모스,4,이 책을 들고 무인도에 가고 싶다,1
과학,코스모스,1,교보문고 배송 너무 느려요,0
과학,코스모스,4,기대되는책입니다.,1
과학,코스모스,4,찬찬히 꼭 완독하리라,1
과학,코스모스,4,이 심오한 우주를 이해하는 첫걸음,1
과학,코스모스,4,참 오래되었지만 다시 읽어보려고 구입했습니다. 어릴 때 읽을 때와 또 다른 느낌이네요.,1
과학,코스모스,4,평생 소장할 단 하나의 책,1
과학,코스모스,4,잘 읽고 있어요,1
과학,코스모스,4,"우주의 한 끄트머리에서, 나를 생각합니다.",1
과학,코스모스,4,우리를 우주로 안내해줄 단 하나의 책.,1
과학,코스모스,4,정말 좋아요,1
과학,코스모스,4,정말. 책장을 넘기면서 빠져드네요.광활한 우주에 빠지는 느낌입니다.중학생아이도 곧잘읽어요.두껍긴합니다,1
과학,코스모스,4,과학분야책이라 어려울줄 알았는데 술술 읽히네요 유용합니다,1
과학,코스모스,4,친구한테 선물했는데 너무좋아하네요.,1
과학,코스모스,4,정말 재밌고 알차고 절대 잊지못할 책입니다.,1
과학,코스모스,4,나쁘지않습니다,1
과학,코스모스,4,정말. 책장을 넘기면서 빠져드네요.광활한 우주에 빠지는 느낌입니다.중학생아이도 곧잘읽어요.두껍긴합니다,1
과학,코스모스,4,과학분야책이라 어려울줄 알았는데 술술 읽히네요 유용합니다,1
과학,코스모스,4,친구한테 선물했는데 너무좋아하네요.,1
과학,코스모스,4,정말 재밌고 알차고 절대 잊지못할 책입니다.,1
과학,코스모스,4,나쁘지않습니다,1
과학,코스모스,4,10번은 읽어야 제대로 이해가 될 것 같다.,1
과학,코스모스,4,단지 과학책이 아니라 인생책 같습니다,1
과학,코스모스,4,재밌어요,1
과학,코스모스,4,생각보다 잘 읽히고 재미있네요.,1
과학,코스모스,4,조아용,1
과학,코스모스,3,우주에 대한 이해,0
과학,코스모스,4,아직 읽지 못했어요... 차분한 마음으로 정독하겠습니다!!,1
과학,코스모스,4,하늘을 보면 생각나는 이 시대의 명저,1
과학,코스모스,4,우주에 관심이 많아진 지금 이책이 저에게 많은걸 알려주고 흥미를 더욱 생기게하네요 ㅎㅎ,1
과학,코스모스,4,아이가 사달라고해서 사줌 잘안읽음,1
과학,코스모스,4,책은 훌륭한데 페이지가 잘 안넘어가네요^^;;,1
과학,코스모스,4,몇 번이고 읽어봐야 할 것 같아요,1
과학,코스모스,4,기대됩니다~,1
과학,코스모스,4,책 너무 좋습니다 강추,1
과학,코스모스,3,고1 아들이 읽으려고 주문했어요,0
과학,코스모스,4,수시로 찾아볼 책,1
과학,코스모스,3,내용도 좋고 책상태도 좋습니다,0
과학,코스모스,4,책이 좋습니다.,1
과학,코스모스,4,좋아요,1
과학,코스모스,4,선물로 구매했어요 좋아합니다,1
과학,코스모스,4,기대됩니다,1
과학,코스모스,3,한권쯤 사서 읽어보시면 좋습니다,0
과학,코스모스,4,과학책 읽기 힘든사람이라도 쉽게 이해할 수 있는 책,1
과학,코스모스,3,어려워요 그래도 정독해봅니다,0
과학,코스모스,4,베스트셀러 다운 내용,1
과학,코스모스,3,무인도에나가야 읽을 것 같은,0
과학,코스모스,4,재미있어요 ㅎㅎㅎ,1
과학,코스모스,4,추천해요.,1
과학,코스모스,4,좋아요,1
과학,코스모스,4,내용도마음에들고배송도빨라요,1
과학,코스모스,4,우주. 코스모스 인간,1
과학,코스모스,4,과학을 문학처럼 쓴 에세이,1
과학,코스모스,4,"배송 빠르고 책 상태 좋습니다. 배급판이 뭐지? 하며 배송시켰는데, 기존의 커다란 양장본과 달리 보통 소설?류 도서 처럼 딱딱하지 않은 매끄러운 표지를 가진 적당한 크기의 도서입니다. 책 자체가 굵어 갖고 다니기 쉽지 않지만 이전에 읽었던 커다란 양장보단 훨씬 낫습니다. 소유하고 있다는 자체로 뿌듯하지만 더 큰 유익을 위해 정독하고자 합니다. 감사합니다",1
과학,코스모스,4,항상 잘 이용하고 있습니다 배송 빨라요,1
과학,코스모스,4,어려운 내용일것 같지만 재미있을 것같아요,1
과학,코스모스,4,몇번이고 다시 읽을책입니다,1
과학,코스모스,4,도움이 되는 책,1
과학,코스모스,4,지인의 소개로 접하게 되었는데 점점 빠져들게됨,1
과학,코스모스,4,열심히 읽어보겠습니다.,1
과학,코스모스,4,기대됩니다,1
과학,코스모스,4,죽기전 꼭 한번은 읽어야 할 책,1
과학,코스모스,4,신비의 세계가 내 마음속 깊은 곳까지 찾아야 한없는 상상의 나래를 펼쳐 봅니다.,1
과학,코스모스,4,고등학생들에게 꼭 권하고 싶은 책입니다,1
과학,코스모스,4,아주 좋은 바이블입니다. 문장도 잘 읽히고요 너무 좋아여,1
과학,코스모스,3,어려워요 그래도 정독 해봅니다,0
과학,코스모스,4,죽기전 꼭 한번은 읽어야 할 책,1
과학,코스모스,4,신비의 세계가 내 마음속 깊은 곳까지 찾아야 한없는 상상의 나래를 펼쳐 봅니다.,1
과학,코스모스,4,고등학생들에게 꼭 권하고 싶은 책입니다,1
과학,코스모스,4,아주 좋은 바이블입니다. 문장도 잘 읽히고요 너무 좋아여,1
과학,코스모스,3,어려워요 그래도 정독 해봅니다,0
과학,코스모스,4,좋아요.,1
과학,코스모스,4,7-80년대 치열한 냉전의 분위기에서 핵전쟁의 위협을 걱정하시는 저자의 불안감을 엿보았다는 정도만 살짝 들추어봅니다. 우주의 티끌도 안되는 지구행성에서 두 극단세력의 말도 안되는 싸움이 너무나 부질없다는 철학적 메세지가 인상깊었습니다.,1
과학,코스모스,3,보고싶던 책이라 반가윘습니다,0
과학,코스모스,4,읽고 싶었던 책~,1
과학,코스모스,4,아들을 위해 구매했어요,1
과학,코스모스,4,재미있게 읽었어요.,1
과학,코스모스,4,꼭한번은 읽어볼만한 책입니다,1
과학,코스모스,3,좋아서 선물로 또 구매한 코스모스,0
과학,코스모스,4,코스모스에 관한 책,1
과학,코스모스,4,티비를 보다가 구입. 칸세이건의 이론을 내가 받아들이기에는 넘흐 짧은 내지식,1
과학,코스모스,4,여러번 읽어보고싶은 책,1
과학,코스모스,4,"“광대한 우주, 그리고 무한한 시간. 이 속에서 같은 행성, 같은 시대를 함께 살아가는 것을 기뻐하면서.”",1
과학,코스모스,4,좋아요.,1
과학,코스모스,4,좋아요.,1
과학,코스모스,4,좋어요.,1
과학,코스모스,4,투병중에 집필하셨다는게 믿기지 않아 호기심에 구입했습니다. 어쩌면 인간의 본질에 다가가기 위해 필요한 책일지도 모르겠다는 생각이드네요. 정독하며 끝까지 읽어야겠다는 다짐을.,1
과학,코스모스,4,우주의 비밀을 탐구하긔,1
과학,코스모스,4,하드커버 아니어도 좋넹ㅛ,1
과학,코스모스,4,유익한 책이네요,1
과학,코스모스,4,천천히 정독을 할꺼에요,1
과학,코스모스,4,우주 좋아요,1
과학,코스모스,4,TV로 과학 다큐멘터리 보는 것 같이 흥미진진하고 재밌게 읽혀짐!,1
과학,코스모스,4,재밋네요,1
과학,코스모스,4,2020년 2월까지 완독을 목표로,1
과학,코스모스,4,역시 믿고 읽을만한 책입니다 추천합니다,1
과학,코스모스,4,기대됩니다!!!,1
과학,코스모스,4,어렵지만 그래도 한번은 읽어 봐야하는 책인거 같아요,1
과학,코스모스,4,보급판이지만 종이질도 좋네요. 꼭 읽어보고싶었던 책이에요. 두께가 어마어마한만큼 도전정신이 필요힙니다.,1
과학,코스모스,4,이 세상의 신비로움에 경이를 .. 멋진 착입니다.,1
과학,코스모스,4,좋어요,1
과학,코스모스,4,꼭 읽어보고 싶었던 책입니다^,1
과학,코스모스,4,도전입니다.^^,1
과학,코스모스,4,어릴때 부모님께서 사셨던 책을 어른이 되어 구매하고보니 감회가 새롭네요.,1
과학,코스모스,4,오랜시간 정성들여 기록한 소중한 정보들의 집합체와 같은 책이라고 생각합니다. 양장본은 아니지만 내용에 충실해서 정독하겠습니다~!,1
과학,코스모스,4,워낙 유명한 책이라 구입했네요,1
과학,코스모스,4,정말 재미있게 잘 읽었어요,1
과학,코스모스,4,유시민 같은 인간을 앞에 써두면 안 팔릴수도있음,1
과학,코스모스,4,우주를 통해 인생을 다시 배우는 느낌이예요. 에세이를 즐겨읽는데 우주가 말하는 에세이를 보는 느낌이었습니다. 적극 추천드려요!!,1
과학,코스모스,4,재미있게 보고 있어요.,1
과학,코스모스,4,필독서입니다 재미있게 읽을수있어요,1
과학,코스모스,4,엄청나게 정독할 생각입니다!!,1
과학,코스모스,4,"좀더 우주에 관심을 갖고 싶어하는 사람에게 추천..
하지만 정독해야 해요.",1
과학,코스모스,4,요즘책방 방송을 보고 너무 읽어보고 싶어서 구매하게 되었습니다. 책 내용도 재밌어서 시간 가는 줄 모를 정도로 잘 읽고 있습니다,1
과학,코스모스,4,어려운것같지만 궁금하고 흥미롭네요~ 열심히읽어볼께요^^,1
과학,코스모스,4,정말 재미있습니다,1
과학,코스모스,4,엄청나게 정독할 생각입니다!!,1
과학,코스모스,4,"좀더 우주에 관심을 갖고 싶어하는 사람에게 추천..
하지만 정독해야 해요.",1
과학,코스모스,4,요즘책방 방송을 보고 너무 읽어보고 싶어서 구매하게 되었습니다. 책 내용도 재밌어서 시간 가는 줄 모를 정도로 잘 읽고 있습니다,1
과학,코스모스,4,어려운것같지만 궁금하고 흥미롭네요~ 열심히읽어볼께요^^,1
과학,코스모스,4,정말 재미있습니다,1
과학,코스모스,4,역시 인생작. 볼수록 즐거움...,1
과학,코스모스,4,오래두고 보는 책입니다 좋아요,1
과학,코스모스,4,사진이 칼라였다면 더 좋았겠지만 만족합니다~~~,1
과학,코스모스,3,좋네요~,0
과학,코스모스,4,좋은책이라 두고두고 읽어 보다 손녀에게 선물로 물려 주려고 합니다. 누구에게나 선물용으로 최고 일것 같습니다.,1
과학,코스모스,4,과학 지식을 쌓고 싶어서 구매했어요 기대됩니다 :),1
과학,코스모스,4,가슴 벅차 오르도록 수려한 글입니다. 이 광대무변한 우주를 조금이나마 알아가는 소중한 시간을 함께 할 수 있어서 더할나위없는 소중한 시간을 많이 누렸으면 합니다.,1
과학,코스모스,4,책을 받자마자 명저라는 느낌이 드네요. 지금 읽고 있는 중인데 우주적 규모의 스케일이 느껴집니다.^^,1
과학,코스모스,4,지식 습득.,1
과학,코스모스,4,과학책 그 이상,1
과학,코스모스,4,배송도 빠르고 질도 좋습니다. 내용도 기대가 됩니다.,1
과학,코스모스,4,제대로 읽어보고 싶네요,1
과학,코스모스,4,정독해 보겠어요.^^,1
과학,코스모스,4,생각보다 가독성이 좋아요,1
과학,코스모스,3,읽기는 힘들지만 한번 노력해보려구요~~!!,0
과학,코스모스,4,읽기는 힘들지만 읽으면 보람된 책이예요~,1
과학,코스모스,4,요즘 우주에 빠져있는 아들 선물로 샀어요 잘읽었으면 좋겠네요~^^,1
과학,코스모스,4,우주에서 내면으로 다시 우주로,1
과학,코스모스,4,좋네요..처눈학을 쉽게 써 놓은듯 합니다..잘 읽혀집니다.,1
과학,코스모스,4,교양 천문학을 잘 알 수 있는 책,1
과학,코스모스,4,필독서입니다 재미있게 읽을수있어요,1
과학,코스모스,4,한번 읽어서 될일이 아닌듯,1
과학,코스모스,4,정말 읽고싶었고 소장하고 싶은 책이에요!!2019년을 코스모스와함께 마무리할려고 합니다.,1
과학,코스모스,4,사고의전환,1
과학,코스모스,4,어렵지만 꼭 읽어보시길 추천합니다,1
과학,코스모스,4,이제 막 받았어요. 생소한 분야라 도전해보려고 골랐습니다. 제발 잘 읽혔음 좋겠네요~ 양장본 뺨친다에 동의합니다.,1
과학,코스모스,4,매일 10장씩 꾸준히 정독해볼게요..,1
과학,코스모스,4,인문학과 천문학의 콜라보,1
과학,코스모스,4,이 책 꼭 소장하고 싶었어요ㅠㅠ 추천합니다!,1
과학,코스모스,4,책 두께에 압도 됬지만 완독 해보겠습니다.,1
과학,코스모스,4,알쓸신잡에서 보고 꼭 읽어보려고요~ 두껍지만^^;;;,1
과학,코스모스,4,좋아요,1
과학,코스모스,4,좋아요,1
과학,코스모스,4,과학교양서 읽어두면 유용할듯 합니다.,1
과학,코스모스,4,"태양계, 항성과 행성 등 예전 교양으로 수강했던 우주와 진화에 대한 광활한 이야기를 들려준다. 유시민의 추천책!",1
과학,코스모스,4,재미있게 쓰여진 과학책 오래걸리지만 지루하지 않다,1
과학,코스모스,4,중학생 읽기 좋아요,1
과학,코스모스,4,아주 좋습니다.,1
과학,코스모스,4,역시 기대를 져버리지 않네요.,1
과학,코스모스,4,우주에 깊이있지만 친근하게 이끈다,1
과학,코스모스,4,책이 아주좋습니다 하하 소장각이에요~~,1
과학,코스모스,4,오래전에 읽고 싶은 책을 구매했는데요 ~~ 행복하게 ㅡ읽을수있을듯,1
과학,코스모스,4,재도전합니다,1
과학,코스모스,4,말이 필요 없는책. 인생의 길잡이...보급판이라도 손색 없어요,1
과학,코스모스,3,책은 좋지만 배송이..책 표지가 구겨져서 와서 슬픔,0
과학,코스모스,4,책이 아주좋습니다 하하 소장각이에요~~,1
과학,코스모스,4,오래전에 읽고 싶은 책을 구매했는데요 ~~ 행복하게 ㅡ읽을수있을듯,1
과학,코스모스,4,재도전합니다,1
과학,코스모스,4,말이 필요 없는책. 인생의 길잡이...보급판이라도 손색 없어요,1
과학,코스모스,3,책은 좋지만 배송이..책 표지가 구겨져서 와서 슬픔,0
과학,코스모스,4,소장용으로 구입했습니다,1
과학,코스모스,4,너무 막막하여 생각할 엄두를 못내던 우주의 탄생에 대해 다시 생각해보게 된다.,1
과학,코스모스,3,처음엔 잘 읽혀지지는 않았지만 점점 빠져듭니다,0
과학,코스모스,4,"어린시절 지구와 비슷한 행성은 없을까? 하곤, 우주에 대한 상상의 나래를 펼쳤었습니다. 과거 회상 및 세계 역사의 내용, 수학 및 과학의 중요성을 알수있고, 현 사회도 과거와 비슷함을 볼 수 있었네요.. 과거는 반복되고, 사회 기득권을 버리지 못하는 인원으로 인해 과학기술의 발전과 적용이 늦어지는... 몇번더 읽어보려구요 생각이 많아지는 책입니다.",1
과학,코스모스,4,어렵지만 자꾸 읽게되는 책? ^^ 신보로운 우주의 기원..,1
과학,코스모스,4,"아이가 읽겠다고 해서 사줬는데, 다음날 바로 수령했어요. 주말부터 이책에 도전한다는데...양장본 아니지만 책 좋으네요. 잘 볼께요",1
과학,코스모스,4,기대를 져버리지 않네요,1
과학,코스모스,4,책이 두껍지만 목차별로 유요하고 과학관련 참고 자료로 쓸수있음,1
과학,코스모스,4,세상과 소통하는 지혜를,1
과학,코스모스,4,우주에 대한 호기심이 풀릴거같습니다.,1
과학,코스모스,4,보급판 기대합니다...,1
과학,코스모스,3,술술 읽히는 신비함,0
과학,코스모스,4,재미있어요,1
과학,코스모스,4,과학 뿐 아니라 철학적인 생각도 같이 하게 되네요.,1
과학,코스모스,4,말이 필요 없는 책. 남편의 권유로 초등학생 아이가 읽고 있어요. 과학에 대한 많은 지식을 얻을 수 있어서 좋아요.,1
과학,코스모스,4,한번쯤 읽어보고 싶었던 책이네요 잘읽겠습니다.,1
과학,코스모스,4,칼 세이건책은 언제나 잘읽혀요,1
과학,코스모스,4,책을 사랑하는 사람들이 모두 입모아 예기했던....코스모스..저도 읽어보렵니다. 근데 두께에 깝놀~~~~~긴 시간 두고두고 봐도 질리지 않은.볼때마다 놀라는.....,1
과학,코스모스,3,읽어야할 책이네요,0
과학,코스모스,4,유명한 책인데 이제서야 보네요,1
과학,코스모스,4,조금씩 읽고 있어요,1
과학,코스모스,4,다큐맨터리랑은 또 다른 깊이있는 내용입니다,1
과학,코스모스,3,과학. 우주. 지구. 생물의 기원등에 대해 알수있었던 책입니다. 이분야에 관심이 있는 사람이면 꼭 읽어 보아야할책으로 보입니다.,0
과학,코스모스,4,"우주, 철학, 자연, 종교....따로 놀지 않고 한꺼번에 읽혔습니다.",1
과학,코스모스,4,칼 세이건이 펼쳐 보이는 대우주의 신비,1
과학,코스모스,4,말이 필요없는 우주에 관한 도서의 바이블,1
과학,코스모스,4,정독해서 읽고 있습니다.,1
과학,코스모스,3,과학서이자 인문서,0
과학,코스모스,4,끝까지 잘 읽을 수 있을지 고민스러워 여러번 구매를 망설였는데 큰맘먹고 책 구입했네요. 과학책이라는 부담감 내려놓고 편한 마음으로 읽으니 훨씬 잘 읽혀요. 주위에도 추천하고 싶은 책이에요,1
과학,코스모스,4,새로운 분야 도서에 시도중입니다.,1
과학,코스모스,3,좋은 서적입니다,0
과학,코스모스,4,예전부터 읽고싶던 책을 읽게되어 매우 좋았다. 전혀 알지못했던 것들을 알게되다니 내 무지함은 우주보다 조금 좁은 듯 하다:) 왜냐하면 코스모스를 읽고 무지함이 지식으로 채워졌으니까,1
과학,코스모스,4,믿고읽는 명작,1
과학,코스모스,3,믿고본다,0
과학,코스모스,4,좋은책이라고 평이 자자해서 읽어보려합니다,1
과학,코스모스,4,여러번 읽어도 좋은 책입니다,1
과학,코스모스,4,정독해보려고 큰맘먹고 샀어요,1
과학,코스모스,4,고전이 될 우리 시대 명작!,1
과학,코스모스,4,너무도 즐겁게 읽었습니다.,1
과학,코스모스,4,어렵지만.. 읽어보시면??,1
과학,코스모스,4,새로운 세계를 만난듯 합니다,1
과학,코스모스,1,유명한 책이라고 많이들 추천해서 사봤는데 잘 맞지 않네요,0
과학,코스모스,4,좋아요,1
과학,코스모스,3,꼭 한번 읽어보고 싶었던 책,0
과학,코스모스,4,좋아요,1
과학,코스모스,4,새로운 세계를 만난듯 합니다,1
과학,코스모스,1,유명한 책이라고 많이들 추천해서 사봤는데 잘 맞지 않네요,0
과학,코스모스,4,좋아요,1
과학,코스모스,3,꼭 한번 읽어보고 싶었던 책,0
과학,코스모스,4,좋아요,1
과학,코스모스,4,부담은 되지만 엄청 기대됩니다,1
과학,코스모스,3,무인도에 가져가야 할 챽이라기에 읽어보려구요~~,0
과학,코스모스,4,많이 알려진만큼 도움이 많이 되는 책입니다.,1
과학,코스모스,4,유명세와 다르지 않을 책.....,1
과학,코스모스,4,유명세와 다르지 않은 책....,1
과학,코스모스,4,깊이 있는 생각을 할 수 있게 해주는 책입니다.,1
과학,코스모스,3,좋아요,0
과학,코스모스,4,700페이지가 넘는 페이지에도 불고하고 흥미롭게 잘 읽었습니다. 우주에 대해 관심이 있는 분이라면 꼭 읽어보세요!,1
과학,코스모스,4,좋아요,1
과학,코스모스,3,쉽게 읽히지는 않지만 다 읽고나몀 뿌듯할거같아요 살면서 한번쯤은 꼭 봐야할책,0
과학,코스모스,4,"대폭발부터 현재에 이르기까지 물리적, 화학적, 생물학적 대서사시를 흥미롭게 서술한 책. 그러나 단순한 교양과학 도서가 아니라 칼 세이건의 철학적 통찰까지도 내포하고 있는 명저.",1
과학,코스모스,4,우주와 나에 대해 생각해볼수있는 시간을 갖게 되었다,1
과학,코스모스,4,좋은 책.,1
과학,코스모스,4,도서관에서 대출해서 읽었습니다. 소장하고 싶어서 샀어요. 좋아요~^^,1
과학,코스모스,4,"요즘 책읽기에 주력하고 있는 중학생아들이 원해서 사줬어요.
슬로우리딩으로 천천히 읽어보려합니다.",1
과학,코스모스,4,어렵지만.. 그래도 좋네요 ㅋㅋ,1
과학,코스모스,4,내가 속해 있으나 알지 못하는 세상을 조금이라도 엿볼 수 있도록 인도해 주는 길잡이 같은 책,1
과학,코스모스,4,한 챕터씩 도전하면 읽힐 것 같아요. 다큐보고 반해서 책도 구입했네요,1
과학,코스모스,4,유시민 작가가 적극 추천한 코스모스 한번 읽어보고 싶었습니다.,1
과학,코스모스,4,굿...한번보고 두번보고 싶은책,1
과학,코스모스,4,너무 유익한 책이에요,1
과학,코스모스,4,"예전부터 읽고픈 책, 이제야 구매했네요~ 천천히 잘 읽어보려 합니다!",1
과학,코스모스,3,많이 두껍지만 도전해보실만 합니다.,0
과학,코스모스,4,약간 어렵지만 재미있습니다,1
과학,코스모스,4,꼭 읽어봐야할 책,1
과학,코스모스,4,이 책은 과학 기본 지침서,1
과학,코스모스,3,책 두께만큼 유익함,0
과학,코스모스,4,유시민씨가 극찬한.. 믿고 읽어요~,1
과학,코스모스,4,"예전부터 읽고싶던 책, 두껍네요.",1
과학,코스모스,4,뼛속까지 문과형 인간이지만 이해하는데 크게 어려움이 없다. 읽을 수록 흥미롭다.,1
과학,코스모스,4,어렵지만 재밌다고 합니다,1
과학,코스모스,2,기대됩니다,0
과학,코스모스,4,어렵지만 재미있어요. 과학 교양 수업느낌?!!!,1
과학,코스모스,4,오래오래 읽고 또 읽고 싶은 책입니다.,1
과학,코스모스,4,내용이 어렵긴한데 좋은 내용이에요.,1
과학,코스모스,4,첫문장부터 감동이........,1
과학,코스모스,4,읽는데 오래걸리겠지만 재밌을거같아요,1
과학,코스모스,4,우주에 관한 과학책이 아니라 인간에 대한 인문학 책이다.,1
과학,코스모스,3,아직 읽지 않았지만 흥분됩니다.,0
과학,코스모스,4,큰맘먹고 구입해서 읽어봤는데 몇년된 책이라고는 믿겨지지않을만큼 읽기가 좋아요. 과학서적인줄 알았는데 인문학서적으로도 손색이없을만큼 철학적인 책입니다.,1
과학,코스모스,4,좋아요 잘읽혀요 인생필독서,1
과학,코스모스,4,700페이지가 넘는 방대한 양의 우주에 관한 지식을 쉽게 설명했어요,1
과학,코스모스,3,과학 교양서적의 고전이죠? 두께에 놀라고 내용에 또 한번 놀라는 책입니다 ㅎㅎ,0
과학,코스모스,4,평생을 소장할 책입니다.,1
과학,코스모스,3,좋안 책인데 정독할 수 있을까요?,0
과학,코스모스,4,좋아요 잘읽혀요 인생필독서,1
과학,코스모스,4,700페이지가 넘는 방대한 양의 우주에 관한 지식을 쉽게 설명했어요,1
과학,코스모스,3,과학 교양서적의 고전이죠? 두께에 놀라고 내용에 또 한번 놀라는 책입니다 ㅎㅎ,0
과학,코스모스,4,평생을 소장할 책입니다.,1
과학,코스모스,3,좋안 책인데 정독할 수 있을까요?,0
과학,코스모스,4,이해하기 쉽지않은 부분도 있지만 우주를 알기 위해서 꼭 필요한 책이라고 생각함.,1
과학,코스모스,4,진열하기 좋아요,1
과학,코스모스,4,필독서,1
과학,코스모스,4,너무좋아요♡♡♡,1
과학,코스모스,4,읽기 쉬운 책은 아니지만 한번에 다 읽으려는 욕심만 없으면 충분히 잘 읽을 수 있는 책입니다.,1
과학,코스모스,4,배송된 책을 받았을때 생각보다 두꺼움에 놀랐고 과학책이라 눈에 쉽게 들어오지 않을 것 같았어요. 그런데 생각보다 가독성이 좋아서 온 가족이 봐도 좋겠다는 생각이 듭니다.,1
과학,코스모스,4,열심히 정독할게요....,1
과학,코스모스,4,꼭한번은 읽어보아야할책입니다,1
과학,코스모스,4,이미 그들의 우주로 돌아간 고 칼세이건 홍승수 교수께 감사를 전하고 싶은. 아이들과 함께 읽어도 좋을 듯 합니다. 몇번이고 다시 읽고 싶은 책입니다,1
과학,코스모스,4,용기를 가지고 정독하고 있어요 어려운 부분도 있지만 생각보다 재밌어요^^,1
과학,코스모스,4,"스테디셀러는 그만의 특별한 이유가 있는 것 같다. 코스모스라는 제목 자체는 과학 서적으로서 매우 딱딱해 보일 수 있다. 그러나 내용이 읽기 쉽게 쓰여 있어, 한 번 읽으면 마치 다큐멘터리를 보는 것처럼 집중해서 보게 된다.",1
과학,코스모스,4,꾸준히 읽고있습니다.,1
과학,코스모스,4,늘 읽고싶었지만 두꺼운 과학도서를 읽을 수 있을까 주저했지만 사고나니 생각보다 잘 읽혀 잘샀다는 생각이 들어요,1
과학,코스모스,4,우주에 대한 사랑과 독자에 대한 사랑이 느껴지는 책,1
과학,코스모스,4,아빠 선물이에요,1
과학,코스모스,4,좋아요,1
과학,코스모스,4,영락없는 문과생에게도 재미진 글입니다. 두고두고 읽고 또읽어 죄다 담아두고 싶은 내용입니다,1
과학,코스모스,4,지인추천으로 구매했는데 기대됩니다,1
과학,코스모스,4,책이 무척 두꺼워서 시작하기 어렵지만 일단 시작만 하면 읽기 괜찮아요,1
과학,코스모스,4,죠아요,1
과학,코스모스,4,청소년이 꼭 정독해야하는 책~~~,1
과학,코스모스,4,딸아이가 읽고 싶다고 노래부르던 책이에요.,1
과학,코스모스,4,아들 읽히기 전에 읽어볼 요량인데 신입 직원이 선물해달래서 줬어요. 필독서,1
과학,코스모스,4,슬로리딩을 할려고 주문했어요.조금 어려운 말들도 있지만 재미있어요,1
과학,코스모스,4,좋아요,1
과학,코스모스,4,소장가치가 있는 책,1
과학,코스모스,4,진심 인생책입니다!!! 읽고나면 관점이 깊고 넓어지는 게 느껴집니다ㅠㅠㅠ,1
과학,코스모스,4,너무좋아요,1
과학,코스모스,4,좋습니다,1
과학,코스모스,3,다른 생각 안 나게 할 때 가장 좋은 책. 지식을 쌓기에 가장 좋은 책,0
과학,코스모스,4,궁금해서 구입한 건데 두껍긴 하지만 유용할 듯 해요. 찬찬히 읽으려고요,1
과학,코스모스,4,우주에 대해서 다시한번 생각해보게 하네요,1
과학,코스모스,4,말이 필요없는 교양물리 입문서,1
과학,코스모스,4,좋습니다~ ^^,1
과학,코스모스,4,어려운 내용을 나름 재미있게 풀어낸듯,1
과학,코스모스,4,어려워요,1
과학,코스모스,4,읽기 전인데 아주 기대됩니다.,1
과학,코스모스,4,아들이 보고싶어해서 주문했습니다. 잘읽어줬음 좋겠네요.,1
과학,코스모스,4,명불허전입니다,1
과학,코스모스,4,차근이 읽어 가면 행복해 져요,1
과학,코스모스,3,천채물리학에 대한 기초적 소양을 쌓을 수 있는 책,0
과학,코스모스,4,소장해서 차근차근 읽으면 읽을수록 새롭네요.. 좋아여.,1
과학,코스모스,4,"좋은 책, 재미있게 읽겠습니다.",1
과학,코스모스,3,지극히 한국적 소설. 현실과역사를 체험할수있다,0
과학,코스모스,4,읽는 중입니다! 잘읽혀요!,1
과학,코스모스,3,천채물리학에 대한 기초적 소양을 쌓을 수 있는 책,0
과학,코스모스,4,소장해서 차근차근 읽으면 읽을수록 새롭네요.. 좋아여.,1
과학,코스모스,4,"좋은 책, 재미있게 읽겠습니다.",1
과학,코스모스,3,지극히 한국적 소설. 현실과역사를 체험할수있다,0
과학,코스모스,4,읽는 중입니다! 잘읽혀요!,1
과학,코스모스,4,최고.,1
과학,코스모스,4,과학의 인문학,1
과학,코스모스,4,최고예요,1
과학,코스모스,4,설레입니다,1
과학,코스모스,4,설레는 마음으로 읽게되는 책,1
과학,코스모스,4,과학계 최고의 책,1
과학,코스모스,4,도움이 되는 책이에요,1
과학,코스모스,4,처음 필사책으로 골랐어요,1
과학,코스모스,3,잘 읽히네요. 좋아요,0
과학,코스모스,4,우주에 대해 알게 될 생각에 설레네요^~^,1
과학,코스모스,4,천문이 인문이네요.,1
과학,코스모스,3,첫 서문부터 가슴이 쿵쿵 뛰어요,0
과학,코스모스,3,엄마의 생신선물로 드린 책인데 엄마가 너무 맘에 들어하고 내용도 좋다고 해서 저에게도 꼭 한번 읽어보고싶은 책이에요,0
과학,코스모스,4,이 무한한 우주 앞에 우리는 한 줌 티끌에 지나지 않는다. 무한한 우주에 대한 경외감이 든다.,1
과학,코스모스,4,정독 후 정복,1
과학,코스모스,4,칼세이건 인데.말이 더 필요한가,1
과학,코스모스,4,정말 좋은 책입니다.^^,1
과학,코스모스,3,꼭 다 읽기!,0
과학,코스모스,4,"무한한 우주 앞에서 우리 인간은 너무나 미미한 존재이고, 그 것을 탘구함으로서 우리의 현실을 인식할 수 잇다.",1
과학,코스모스,4,우리 우주의 끝을 생각하는 것만으로도 끝이 보이지 않는 들판에 서있는 듯한 느낌이 든다.,1
과학,코스모스,4,무한한 꿈을 향해,1
과학,코스모스,4,최근 구입한 지식 중 최고 소장용,1
과학,코스모스,4,천문학에 대해 알고자 한다면 가장 먼저 읽어봐야 할 책,1
과학,코스모스,4,역시...말이 필요없지요!,1
과학,코스모스,4,말이 필요 없는 책이지요.,1
과학,코스모스,4,"우주와 세계, 과학에 대한 광활한 이야기를 흥미롭게 펼쳐내다",1
과학,코스모스,4,정독할게여~,1
과학,코스모스,3,어렵지만 유용해요. 이미지들이 예뻐요,0
과학,코스모스,4,다소 내용이 어렵지만 끝까지 읽어보려고요,1
과학,코스모스,4,어려울 것 같지만 워낙 유명해서 읽어보려구요,1
과학,코스모스,3,너무좋아요. 잘읽고있습니다.,0
과학,코스모스,4,좋아요,1
과학,코스모스,3,워낙 유명한 책이니.. 흥미로우나 그렇다고 쉽게만 읽힌다고 말할 순 없을 것,0
과학,코스모스,4,필독 리스트.,1
과학,코스모스,4,옛날부터 소장 하고 읽어 보고 싶은 책,1
과학,코스모스,4,"82년 출판사 주우에서 출간된 코스모스를 읽었다. 3,800원에 동네 서점에서 구입했다. 보통 장서가 1000원에서 2000원 하던 시절, 상당히 고가의 책이었다. 주중 목요일 저녁 8시쯤 코스모스 다큐멘터리를 시리즈 물로 방영했다. 그리고 30여년이 흘렀다. 당시에는 새로운 신드롬이었던 책이 이제 고전의 반열에 올랐는가..작은 아들이 이 책을 읽겠다한다. 모서리가 검게 바랜 내 책을 던져주자, 새 책을 사달란다. 그래서 새 책을 사주고는 내가 먼저 다시 읽어 봤다. 그리고 더듬어가는 옛 기억에 사뭇 행복한 일주일을 보냈다. 나의 일과에 있어 독서에 하루에 2시간 내기 힘들다. 그렇게 짬을 내야 그나마 일주일이다. 그 소중한 시간을 정말 귀하게 썼다.",1
과학,코스모스,4,꼭 읽어야 할 책!!,1
과학,코스모스,4,위대한 책,1
과학,코스모스,4,세상을 바라보는 사고의 틀이 확장되는 놀라운 경험을 선사해주는 책,1
과학,코스모스,4,한번에 이해가 어렵겠지만 도전해 볼려고요~,1
과학,코스모스,4,도전하고 싶은책,1
과학,코스모스,4,두말할 필요없이 최고입니다,1
과학,코스모스,4,아직 읽어보진 않았지만 천천히 읽어봐야겠습니다,1
과학,코스모스,4,우주에 대해 호기심을 갖게 하는 책입니다.,1
과학,코스모스,4,일반인도 읽어야할 필독서,1
과학,코스모스,4,도전하고 싶은책,1
과학,코스모스,4,두말할 필요없이 최고입니다,1
과학,코스모스,4,아직 읽어보진 않았지만 천천히 읽어봐야겠습니다,1
과학,코스모스,4,우주에 대해 호기심을 갖게 하는 책입니다.,1
과학,코스모스,4,일반인도 읽어야할 필독서,1
과학,코스모스,4,추천합니다,1
과학,코스모스,3,좋아요,0
과학,코스모스,4,꼭읽어보세요,1
과학,코스모스,4,꼭 읽어볼 도서라고 해서 도전 합니다.,1
과학,코스모스,3,술술 읽히는 책은 아니여서 여러번 읽게 되네요,0
과학,코스모스,4,기대됩니다,1
과학,코스모스,4,무엇보다도 정말 잘 읽혀서 놀랍다. 과학을 잘 모르는 나도 이런데 하물며 과학에 관심 많은 사람들은 정말 재밌게 읽을 수 있을 듯 싶다.,1
과학,코스모스,4,과학의 고전. 추천해요~,1
과학,코스모스,4,내 관점을 드넓혀 주는 그런 마음의 양식이 됩니다!,1
과학,코스모스,4,아직 읽어보지는 않았는데 흥미로운 과학이야기가 기대됩니다. 저 다 읽고 지인에게 선물할 생각이에요.,1
과학,코스모스,4,흥미롭네요,1
과학,코스모스,4,어렵지만 존재의 본질과 이유에 대해 생각해볼 수 있어요!,1
과학,코스모스,4,유용한 책이에요,1
과학,코스모스,4,가볍게 나와서 좋아요.,1
과학,코스모스,4,소장할만한 책 인거같네요,1
과학,코스모스,4,좋습니다,1
과학,코스모스,4,글이 좋아요,1
과학,코스모스,4,코스모스 다큐멘터리와 함께 보신다면...너무나 좋습니다.,1
과학,코스모스,4,강추합니다. 우주의 산물인 인류가 우주를 이해하는 날이 오길...,1
과학,코스모스,4,좋아요,1
과학,코스모스,4,재밌습니다,1
과학,코스모스,4,우주에관한 최고의 책,1
과학,코스모스,3,학교다닐 때 추천받고 읽었는데 세월이 지나 다시 보니 더 흥미가 생기네요,0
과학,코스모스,4,무한의세계로,1
과학,코스모스,4,.,1
과학,코스모스,4,읽어보고 싶어요~~,1
과학,코스모스,4,내용은 깨알같지만 보다보면 우주를 통한 깨달음이 오는 책,1
과학,코스모스,3,조금 어려워서 술술 나가진 않아요~ 천천이 끝까지 읽어보겠습니다,0
과학,코스모스,4,살아가면서 이런 책이 한권 더 나올까라는 생각이 들게 만들었던 책입니다.,1
과학,코스모스,4,.,1
과학,코스모스,4,구매했어요,1
과학,코스모스,4,기대됩니다,1
과학,코스모스,4,도서관에서 빌려보고 구입,1
과학,코스모스,4,어머님께 선물오 드렸어요 다 읽으시면 저도 꼭 읽어봐야 겠어요 감사합니다,1
과학,코스모스,4,두께가 어마어마해요,1
과학,코스모스,4,우주의 신비로움을 알수있어요.,1
과학,코스모스,4,오~생각보다 쉽게 잼나게 읽혀요. 어려울꺼같아서 천천히 읽어야겠다했는데 책 받은 첫날 3부까지 읽었어요. 잼나게 읽고있어요. 어렵지만요~^^,1
과학,코스모스,4,오~생각보다 쉽게 잼나게 읽혀요. 어려울꺼같아서 천천히 읽어야겠다했는데 책 받은 첫날 3부까지 읽었어요. 잼나게 읽고있어요. 어렵지만요~^^,1
과학,코스모스,4,읽을 가치가 있는 책.,1
과학,코스모스,3,"입문서로 추천할 수 있는 책은 아닙니다. 가볍게 읽을 정도의 책을 원하시면 추천할 수 없지만, 한 번 읽어보자는 다짐을 했다면 충분히 읽을 가치가 있는 책이라 생각합니다.",0
과학,코스모스,4,소장가치 1000퍼 근데 아직도 안읽음ㅋ,1
과학,코스모스,4,좋아요,1
과학,코스모스,4,좋아요,1
과학,코스모스,4,기대됩니다,1
과학,코스모스,4,과학동아 애독자인데 거기서도 추천하고 도서관가서 보니 중1.초5인 애들한테도 유용할거같아 샀어요. 저도 읽어보고 싶구요. 두께는 두껍지만 너무 뿌듯하네요.,1
과학,코스모스,4,소장가치 1000퍼 근데 아직도 안읽음ㅋ,1
과학,코스모스,4,좋아요,1
과학,코스모스,4,좋아요,1
과학,코스모스,4,기대됩니다,1
과학,코스모스,4,과학동아 애독자인데 거기서도 추천하고 도서관가서 보니 중1.초5인 애들한테도 유용할거같아 샀어요. 저도 읽어보고 싶구요. 두께는 두껍지만 너무 뿌듯하네요.,1
과학,코스모스,4,문장하나하나에 글쓴이의 열정이 느껴집니다,1
과학,코스모스,4,정말 구입하고 싶었던 책인데 이제 열심히 읽는 일만 남았습니다.,1
과학,코스모스,4,오래오래 망설인 끝에 읽기 시작한 책인데 왜 이제야 읽기 시작했는지...어려운 과학서적일줄만 알았는데 이건 웬걸 쉽고 이해할수 있는 말로 아주 친절하게 쓰여진 책입니다. 강추강추,1
과학,코스모스,4,추천합니다.,1
과학,코스모스,4,"벼르고 있다가 여름나기용으로 구매했습니다. 두꺼운 책이지만 양장본이 아니지만, 제본이 튼튼해서 읽는 데 무리없어 보입니다^^",1
과학,코스모스,4,선물용으로 구입요... 선물 받으실 분이 소장하고 싶은 책이라네요...,1
과학,코스모스,4,읽어보고 싶던 책입니다. 바로드림으로 구매했는데 좋아요,1
과학,코스모스,4,유시민작가가 추천해준 자유론과 코스모스,1
과학,코스모스,4,기대됩니다.,1
과학,코스모스,3,흥미롭네요,0
과학,코스모스,4,좋습니다.,1
과학,코스모스,4,좀 어려워도 재미있습니다,1
과학,코스모스,3,좋아요.,0
과학,코스모스,4,우리가 살고 있는 지구외에 우주를 알아간다는 즐거움이 있습니다,1
과학,코스모스,4,한 번은 읽어 볼만한 책,1
과학,코스모스,4,교양과학서로 유명하지만 두께때문인가 책장진열용으로 많이 사용되는 책. 구입 후 읽기가 자꾸 미뤄지고 있는데 빨리 읽어야지 싶다.,1
과학,코스모스,4,읽는 내셔널 지오그래픽입니다.. 많이 도움 되었습니다.,1
과학,코스모스,4,"두께 보고 놀랐는데, 진짜 잘 읽히고 이해하기 쉬웠어요. 시간개념 없이 읽다보면 몇시간 순삭!",1
과학,코스모스,4,중학생 딸도 흥미있게 읽어요.,1
과학,코스모스,4,"천체물리학에 관한 책이 아니라 인문학 서적이라고 보는 것이 타당하다. 이 책을 읽고 내가 왜 어린시절부터 우주에 관심이 많았는지 스스로 이해하게 되었으며, 앞으로 후대(라고 해봐야 자녀들..)에 무엇을 전해주어야 하는지, 같은 맥락에서 지구가 얼마나 전우주적으로 중요한 존재인지, 우리 개개인은 또 얼마나 소중한 존재인지 깨닫게 된다. 책의 표현을 빌리자면 우리는 별에서 태어난 존재이니까",1
과학,코스모스,4,살면서 한번은 읽어봐야 할 책. 조금씩 천천히 읽어야지,1
과학,코스모스,4,어렸을 때 읽다가 말았지만 철들려면 늙기전에 꼭 완독해야만 할 책입니다 지난 연휴를 꼬박 붙잡고 행복했습니다,1
과학,코스모스,4,좋은 내용입니다.,1
과학,코스모스,4,과학서의 고전이라고 들어서 구매했네요. 열심히 읽어볼게요~,1
과학,코스모스,4,기다리고 기다려서 사는 책입니다. 기대가 완전히 큽니다~^^,1
과학,코스모스,4,꼭 한번 읽어봐야할 책,1
과학,코스모스,4,"무한한 시공간 우주에 끌려 다큐멘터리를 보다 책을 받아보았는데
그 두께에 놀랐고 책과 다큐멘터리를 함께 천천히 보아야겠다는 생각이~~~",1
과학,코스모스,4,필독서,1
과학,코스모스,4,예전부터 읽고 싶었던 책인데요 드디어 읽어보려구요!!!! 정말 기대됩미당 조금 두꺼워서 걱정이 되긴하지만 쉬는날에 차분하게 다 읽어보게요 잘읽을게요!!,1
과학,코스모스,4,우주에 관심있는 사람이라면 꼭 보아야 할 책!,1
과학,코스모스,4,다시 읽어도 좋아요,1
과학,코스모스,4,어렵지만 잘 보고 있어요,1
과학,코스모스,3,재미나게 잘읽혀요,0
과학,코스모스,4,알아가는 재미가있어요,1
과학,코스모스,4,생각보다 두꺼워 놀랐지만 기대됩니다.,1
과학,코스모스,4,우울할 때 읽게 되면 한없이 밑으로 추락하는 느낌을 받았다. 하지만 현재 모습의 본질과 목표를 뚜렷하게 그리고 있는 나를 발견하게 되기도 한다.,1
과학,코스모스,4,명불허전.,1
과학,코스모스,4,좋아요,1
과학,코스모스,4,좋아요,1
과학,코스모스,2,사놓고 읽지 못하고 있네요 ㅠ그치만 언젠가는 읽어야 하는 책이라 생각합니다..,0
과학,코스모스,4,꼭 읽어봐야하는 명작입니당,1
과학,코스모스,4,꼭 한번은 읽어야 하는 책이에요,1
과학,코스모스,4,워낙 유명해서 기대되요 아들도 잘 읽었으면 좋겠어요,1
과학,코스모스,4,매혹적인 책이네요,1
과학,코스모스,4,우주를 생각해본다,1
과학,코스모스,4,꼭 읽어봐야하는 명작입니당,1
과학,코스모스,4,꼭 한번은 읽어야 하는 책이에요,1
과학,코스모스,4,워낙 유명해서 기대되요 아들도 잘 읽었으면 좋겠어요,1
과학,코스모스,4,매혹적인 책이네요,1
과학,코스모스,4,우주를 생각해본다,1
과학,코스모스,4,좋아요^^,1
과학,코스모스,4,책이 정말 두꺼운것같아요! 잘읽겠습니다,1
과학,코스모스,4,두고 두고 읽어보고 싶은 책입니다. 과학에 관심있는 분이라면 꼭읽어 보길 권합니다.,1
과학,코스모스,4,비싸고 무거운 양장본이 아니라 더 좋습니다. 아직 읽기 전이지만 고전의 반열의 오른 책이니 내용이야 검증된 거고...63쇄네요. 번역도 완벽할 것으로 믿습니다.,1
과학,코스모스,4,대중천문학의 시조,1
과학,코스모스,4,좋아요^^,1
과학,코스모스,4,기대됩니다.,1
과학,코스모스,4,인간은 항상 미지의 세계를 알고 싶어하는 동물입니다.,1
과학,코스모스,4,당연히 좋아요^^,1
과학,코스모스,4,좋습니다,1
과학,코스모스,4,두고두고 읽어보고 싶은 책입니다. 추천합니다.,1
과학,코스모스,4,좋은 책입니다.,1
과학,코스모스,4,기대됩니다,1
과학,코스모스,4,꾸준히 잘팔리는이유가이있다,1
과학,코스모스,4,한번은 꼭 읽어봐야 할책,1
과학,코스모스,4,인문학과 과학이 결합된 딱딱하지 않은 재미있는 책이에요.,1
과학,코스모스,4,유시민 작가님 추천도서로 구매 했습니다.,1
과학,코스모스,4,전부터 읽어보고 싶었던 책! 드디어 구매하였습니다.,1
과학,코스모스,4,좋아요,1
과학,코스모스,4,"우주에 관한 이야기지만 전혀 어렵지 않고 술술 잘 읽힌다.
심지어 흥미롭다. 자꾸만 책을 놓기 싫어진다.",1
과학,코스모스,4,읽고싶었더 책이였어요. 읽다보니 점점 빠져드네요,1
과학,코스모스,4,너무좋은책입니다,1
과학,코스모스,4,모든 분들에게 추천합니다!,1
과학,코스모스,4,어렵지만 좋은 내용이네요,1
과학,코스모스,4,아주 굿,1
과학,코스모스,4,인간을 한 없이 작게 만드는 위대한 책,1
과학,코스모스,4,두껍지만 재밌을거 같아요,1
과학,코스모스,3,역시 베스트셀러입니다.,0
과학,코스모스,4,조금 읽어봤는데 흥미로워요 ㅋㅋ 한번에 읽기가 힘들어서 끊어서 읽는중입니다 정독해야할 책,1
과학,코스모스,4,아직은 막힘 읽고 있습니다. 한번 읽기 시작하면 책으로 빨려가는 기분을 느낍니다. 그만큼 강열해요.,1
과학,코스모스,4,정독해요~,1
과학,코스모스,4,말이 필요없는 코스모스,1
과학,코스모스,4,보통의 과학책은 공식이다 뭐다해서 읽기 어렵기마련이지만 이거는 천천히 깊숙하게 들어가는 것이라 읽기도 쉽기 이해도 잘된다,1
과학,코스모스,3,천천히 편하게 읽으면 재미있고 유용함!!,0
과학,코스모스,4,굿,1
과학,코스모스,4,예전부터 읽고 싶었지만 미뤄 둔 책...구입해서 정독해 볼께요.,1
과학,코스모스,4,유시민 작가의 말을 통해 접한 칼세이건. 책을 읽다보면 세이건의 이야기를 직접 듣는 듯 합니다,1
과학,코스모스,3,조금 읽어봤는데 너무 흥미로워요 가볍게 읽히지는 않고 정독해야될것 같아요~,0
과학,코스모스,4,왜 이 책을 이제야 읽었을까 싶을 정도... 과학지식이 없어도 읽기 좋고 과학책이지만 철학적이어서 더욱 좋습니다.,1
과학,코스모스,4,"최고입니다.
어렵기도 하고 알쏭달쏭, 이해되는 것은 1/3도 안되지만 재미있어요.",1
과학,코스모스,4,고민고민하다 샀어요 ㅎ 다 읽을 수 있었음 좋겠네요,1
과학,코스모스,4,워낙 유명한 책이라 읽어보려고 구입했어요. 많이 두껍긴 하지만 올해가 가기전 정독해보려고요,1
과학,코스모스,3,조금 어렵지만 잘읽어야지요,0
과학,코스모스,4,평소 우주과학에 흥미가 많았지만 전문적 영역은 어렵고 좀 즐기면서 읽고자 구매했는데 딱이네요. 감사합니다.,1
과학,코스모스,4,"호기심을 자극해주며, 잊지말아야 할 인류의 지식을 쉽게 전해주는 것 같습니다.",1
과학,코스모스,4,고민고민하다 샀어요 ㅎ 다 읽을 수 있었음 좋겠네요,1
과학,코스모스,4,워낙 유명한 책이라 읽어보려고 구입했어요. 많이 두껍긴 하지만 올해가 가기전 정독해보려고요,1
과학,코스모스,3,조금 어렵지만 잘읽어야지요,0
과학,코스모스,4,평소 우주과학에 흥미가 많았지만 전문적 영역은 어렵고 좀 즐기면서 읽고자 구매했는데 딱이네요. 감사합니다.,1
과학,코스모스,4,"호기심을 자극해주며, 잊지말아야 할 인류의 지식을 쉽게 전해주는 것 같습니다.",1
과학,코스모스,4,정말대단한책입니다!,1
과학,코스모스,4,책이 두꺼워서 약간 부담스러웠는데 금방금방 읽네요,1
과학,코스모스,4,보급판이 부담없이 칼세이건의 작품에 입문!,1
과학,코스모스,3,너무 두꺼워서 다 읽을수있을까요? 시민옹이 왜 한권만...할 때 이 책을 골랐는지 받고나서 알았죠.,0
과학,코스모스,3,조금 지루하기도 했지만 매우 유용한 책인것 같아요,0
과학,코스모스,3,좋아요,0
과학,코스모스,4,좋습니다.,1
과학,코스모스,4,기대됩니다,1
과학,코스모스,4,역시 최고의 천문 교양서 인 것 같습니다..,1
과학,코스모스,4,"과학 교양서의 고전『코스모스』. 이 책에서 저자는 우주의 탄생과 은하계의 진화, 태양의 삶과 죽음, 우주를 떠돌던 먼지가 의식 있는 생명이 되는 과정, 외계 생명의 존재 문제 등에 관한 내용을 수 백장의 사진과 일러스트를 곁들여 흥미롭게 설명한다.",1
과학,코스모스,4,좋아요,1
과학,코스모스,4,살짝 어렵지만 술술 읽히는 재밌는 책이네요!,1
과학,코스모스,4,읽고 재미있어서 선물용으로 한 권 더 구매했습니다. 과학을 좋아하지 않는 분들도 추천드립니다.,1
과학,코스모스,4,우주의 신비를 알수 있어서 좋은것 같아요,1
과학,코스모스,4,우주에 관한 넓은 시각을 배울 수 있습니다.,1
과학,코스모스,4,정말 최고입니다. 역작입니다. 이렇게 아름다운 책을 본 적이 없고 이 책을 읽은 뒤로 책에 재미들려서 다른 책도 많이 읽게 되었어요,1
과학,코스모스,4,"과학의 고전철학과 지식이 담겨 있는 도서입니다. 신비로운 우주와 인류의 근원을 쉽게 알려주고 있으며, 배경지식이 없는 사람들도 가볍게 읽을 수 있습니다. 칼 세이건의 생각을 통해 호기심을 유발하게 되고, 나아가 현대의 소양인으로 거듭나는데 꼭 필요한 책이라고 생각됩니다.",1
과학,코스모스,3,잘 읽혀요,0
과학,코스모스,4,좋아요,1
과학,코스모스,3,삶에 필요한 지식을 재밌게 배울 수 있어 좋네요...,0
과학,코스모스,3,신랑과 함께 꼭 읽어보고 싶어 구매했어요,0
과학,코스모스,3,책의 분량이 제법 많아보여 첫페이지를 넘겨보기가 어려울 것 같지만 막상 읽다보니 너무 쉽게 잘 읽혀지는 것 같습니다.,0
과학,코스모스,2,좀 두껍지만 술술 읽힙니다.,0
과학,코스모스,4,유용해요,1
과학,코스모스,4,깔끔하게 배송되어서 좋아요! 이 가격에 이런 고전을 살 수 있어 좋네요 :),1
과학,코스모스,4,감사합니다!!,1
과학,코스모스,4,좀 어렵네요 ㅎㅎ..,1
과학,코스모스,4,우주에 대한 내용은 어려운 것 같다. 나같이 잘 모르는 사람한텐 어려운 책이다.,1
과학,코스모스,3,dddd,0
과학,코스모스,4,정말 재미있습니다.,1
