part,title,date,rating,text
아동만화,흔한남매 11,2022-08-22,4,참 좋아합니다^^ 재미있나봐요
아동만화,흔한남매 11,2022-09-08,4,아이들이 너무 좋아해요
아동만화,흔한남매 11,2022-09-06,4,딸 아이가 너무 좋아해요 ㅎㅎㅎ
아동만화,흔한남매 11,2022-09-06,4,아이가 흔한남매 나오기만을 기다려요. 오자마자 몇 번을 보고 친구도 빌려주네요.
아동만화,흔한남매 11,2022-09-04,4,아들이 좋아하네요.
아동만화,흔한남매 11,2022-09-03,4,좋아요 좋아요 좋아요 좋아요
아동만화,흔한남매 11,2022-09-02,4,아이가 너무 좋아하고 잘 읽어요
아동만화,흔한남매 11,2022-09-02,4,흔한남매 시리즈를 항상 기다리니 안사줄수가 없네요 ㅎㅎ
아동만화,흔한남매 11,2022-09-01,3,손자들의 방학생활 즐거움을 위하여~~~
아동만화,흔한남매 11,2022-09-01,4,아이가 흔한남매 좋아해서 신작이 나올때마다 구매중입니다. 아이가 매우 재미있게 읽고있어요
아동만화,흔한남매 11,2022-08-31,4,아이가 넘 재미있게 읽네요!
아동만화,흔한남매 11,2022-08-30,4,늘 유쾌한 웃음 감사합니다. 덕분에 온가족이 웃을수 있어요. 늘 흔남을 응원합니다^^
아동만화,흔한남매 11,2022-08-30,4,"조카에게 선물하였습니다. 시리즈별로 다 보고 과학탐험대와 오해요 도 보는데 장난스럽고 안좋아보이는 부분도 있지만 흔한남매 시리즈에서 얻는 정보들도 의외로 많고 하여, 아이 책 읽는 습관 기르는게 우선이라 계속 사주게 되네요~"
아동만화,흔한남매 11,2022-08-30,4,학업에 많은 도움이 되었습니다.
아동만화,흔한남매 11,2022-08-30,4,아이가 잼있어합니다
아동만화,흔한남매 11,2022-08-29,4,아이가 참 좋아하는 시리즈 입니다.
아동만화,흔한남매 11,2022-08-29,4,아이들이 좋아합니다
아동만화,흔한남매 11,2022-08-29,4,동생이 너무너무 좋아해요
아동만화,흔한남매 11,2022-08-29,4,"아이가 좋아합니다,잘받았습니다"
아동만화,흔한남매 11,2022-08-29,4,딸이 넘 좋아해요 애독자
아동만화,흔한남매 11,2022-08-28,4,아무생각없이 웃으며 읽을 수 있어서 좋아요^^
아동만화,흔한남매 11,2022-08-28,4,기다렸다 읽으니 쵝오ㅋㅋ
아동만화,흔한남매 11,2022-08-26,4,아이가 좋아하는 책이라 예약구매 했는데 전편들보다 들려오는 웃음소리는 적네요. 좋아해서 사주긴 하는데 읽다보면 바보되는 느낌은 지울 수 없네요
아동만화,흔한남매 11,2022-08-26,4,아이가 좋아해요!~~
아동만화,흔한남매 11,2022-08-26,4,최고 집중력! 신간 나올때마다 얼른 구매해야 합니다^^
아동만화,흔한남매 11,2022-08-25,4,아이들이 좋아하는 흔한남매에요^^
아동만화,흔한남매 11,2022-08-25,4,흔한호기심흔핞ㆍ긔심
아동만화,흔한남매 11,2022-08-25,4,아이가 아주 좋아해요
아동만화,흔한남매 11,2022-08-24,4,아이들이 좋아합니다.
아동만화,흔한남매 11,2022-08-24,4,아이가 좋아해요 ^^
아동만화,흔한남매 11,2022-08-24,4,제일 좋아하는 책같아요 낄낄대며 단숨에 읽네요
아동만화,흔한남매 11,2022-08-24,4,아이가 좋아해서 신간 나오면 바로바로 사고 있어요
아동만화,흔한남매 11,2022-08-24,3,우리 아이들 좋아하는 책이에요.
아동만화,흔한남매 11,2022-08-24,4,아이가 좋아하고 재미있어해요.
아동만화,흔한남매 11,2022-08-23,4,너무 재미있게 읽고 있어요^^
아동만화,흔한남매 11,2022-08-23,4,ㅣ권부터 읽고 있어요 흔한남매 책은 다사서 보고 있어요 ㅣ권부터 다 재미있어요
아동만화,흔한남매 11,2022-08-23,4,너무 너무 재미있어해요
아동만화,흔한남매 11,2022-08-23,4,아이가 항상 재미있어해요.
아동만화,흔한남매 11,2022-08-23,4,아이들이재미있어합니다
아동만화,흔한남매 11,2022-08-21,4,아이가 엄청 좋아해요~^^
아동만화,흔한남매 11,2022-08-20,4,.흔한남매 시리즈 계속 나오네요^^; 이 책을 사기위해 한달동안 연산 문제집 열심히 풀었네요
아동만화,흔한남매 11,2022-08-20,3,아이가 재밌게 잘읽어요
아동만화,흔한남매 11,2022-08-20,3,아이가 좋아합니다. 어른들의 어릴적 시골에서 여름방학을 보낸 추억을 느낄수있는 내용이 11편에는 많네요.
아동만화,흔한남매 11,2022-08-19,4,아주 재미있습니다 ㅋ
아동만화,흔한남매 11,2022-08-19,4,아이들이 언제나 재밌게 보고있습니다
아동만화,흔한남매 11,2022-08-19,4,아이가 좋아합니다!^^
아동만화,흔한남매 11,2022-08-19,4,너무 잼있어서 아이들이 좋아해요
아동만화,흔한남매 11,2022-08-19,4,바로드림 하자마자 읽고 있어요
아동만화,흔한남매 11,2022-08-19,4,아이가 기다리고 기다리던 책!!
아동만화,흔한남매 11,2022-08-19,4,이번꺼도 너무 재밌다고 하네요
아동만화,흔한남매 11,2022-08-18,4,재미있어요. 아이가 좋아해요.
아동만화,흔한남매 11,2022-08-18,4,빠르게 구매해서 재밌게 읽어요^^
아동만화,흔한남매 11,2022-08-18,4,너무재밌어요. 아이가좋아합니다
아동만화,흔한남매 11,2022-08-17,4,재밌어하고 잘 읽어요
아동만화,흔한남매 11,2022-08-17,4,선물해줬는데 너무 좋아합니다
아동만화,흔한남매 11,2022-08-17,4,아이가 좋아해서 시리즈 나올때마다 구매하네요 계속 재밌는 책 만들어주셍요^^
아동만화,흔한남매 11,2022-08-17,4,조카선물로 항상 구입해요.
아동만화,흔한남매 11,2022-08-16,4,아이가 재밌게 보고 있어요
아동만화,흔한남매 11,2022-08-16,4,시리즈 계속 모으는중입니다^^
아동만화,흔한남매 11,2022-08-15,4,흔한남매 매번 사요
아동만화,흔한남매 11,2022-08-15,4,아이들이 너무좋아해요
아동만화,흔한남매 11,2022-08-15,4,아이가 넘 좋아해서 나오자마자 구입했어요
아동만화,흔한남매 11,2022-08-15,4,아이들이 좋아해서 시리즈로 구매중 입니다.
아동만화,흔한남매 11,2022-08-14,4,초등 아들의 최애 시리즈 중 하나
아동만화,흔한남매 11,2022-08-14,4,도대체 몇권까지 나올건지^^;; 아이들은 언제나 재미있게 잘 보긴하지만요
아동만화,흔한남매 11,2022-08-13,4,아이들이 좋아해서 새로나올때마다 구매하고 있어요
아동만화,흔한남매 11,2022-08-13,4,아이가 신간 나온거 어떻게 알고 먼저 사달라고 말 꺼내서 사줬어요
아동만화,흔한남매 11,2022-08-13,4,아들이 넘 좇아해요. 제가 읽어도 잼나요~
아동만화,흔한남매 11,2022-08-13,4,아이가 워낙 좋아하는 책이어서 또 구매했어요
아동만화,흔한남매 11,2022-08-12,4,아이가 많이 좋아합니다
아동만화,흔한남매 11,2022-08-12,3,이제 좀 시들해질만도 헌데 지금까지 모은거 이어가겠다고 또사네요 늪….
아동만화,흔한남매 11,2022-08-10,4,초1초4 둘다 재밌게 봐요 ㅎㅎ 만화책이라도 아이에게 책이 재미있으면 엄마는 만족해요
아동만화,흔한남매 11,2022-08-10,4,우리집 아이에 최애도서랍니다. 흔한남매보면서 미소가뿜뿜 나와요 ㅋ
아동만화,흔한남매 11,2022-08-10,4,아이가 좋아해서 1권부터 사서 읽고있어요
아동만화,흔한남매 11,2022-08-10,3,아이가 좋아해서 신간 나올때마다 구매하고 있어요~
아동만화,흔한남매 11,2022-08-10,4,흔한남매는 언제나 재밌어요^^
아동만화,흔한남매 11,2022-08-10,4,배송 별 5 가격 별4 상품 별5
아동만화,흔한남매 11,2022-08-09,4,조카들이 너무 좋아해요
아동만화,흔한남매 11,2022-08-09,4,즐거운 독서를 가능하게 하는 책
아동만화,흔한남매 11,2022-08-09,4,아이가 너무 좋아해요.
아동만화,흔한남매 11,2022-08-09,4,아이가 아주 좋아합니다
아동만화,흔한남매 11,2022-08-09,4,선물했어요. 아이가 좋아해요.
아동만화,흔한남매 11,2022-08-08,4,아이가 좋아해요 추천해요
아동만화,흔한남매 11,2022-08-08,4,우리아이가 너무 좋아해요
아동만화,흔한남매 11,2022-08-07,4,"기분 체크에서 기타만 선택 되기에 어쩔수 없었지만, 현실은 좋아요 입니다. 빈 시간에 정-말 재밌게 읽습니다."
아동만화,흔한남매 11,2022-08-07,4,재미있게 읽고있어요
아동만화,흔한남매 11,2022-08-07,4,딸아이가 너무 좋아합니다
아동만화,흔한남매 11,2022-08-06,4,11권 딸아이가 아주 좋아하네요 스트커도 맘에 들어요
아동만화,흔한남매 11,2022-08-06,4,초등학교 딸의 최애 코믹스
아동만화,흔한남매 11,2022-08-06,4,너무재미있네요 아이가 좋아하고 즐거워해요
아동만화,흔한남매 11,2022-08-05,3,아이가 재미있게 보고 있어요
아동만화,흔한남매 11,2022-08-05,4,딸아이가 고르고 고른책
아동만화,흔한남매 11,2022-08-05,4,아이들이 좋아하는 통통 튀는 유쾌한 일상
아동만화,흔한남매 11,2022-08-05,4,서점에 오랜만에 갔더니 반가운 흔한남매11권이 발매되었네요. 울 공주는 망설이지 않고 바로 바로 겟! 가을이 성큼 다가온 듯한 으뜸이와 에이미의 표지를 보니.. 날은 아직 한여름이라 한참 덥지만... 시원하게 웃을 수 있어 좋네요.
아동만화,흔한남매 11,2022-08-05,4,아이들이 나오는 날만 기다리고 있어서 1권부터 쭉~ 나오자마자 삽니다. ^^
아동만화,흔한남매 11,2022-08-04,4,드뎌구매했네요~ 재밌고 좋은데 가격은좀 사악하네요~ 어린이가 보고있어 안사줄수가읍네요^^;;
아동만화,흔한남매 11,2022-08-04,4,흔남시리즈 너무 좋아해요 벌써 12권이 기다려짐요
아동만화,흔한남매 11,2022-08-04,4,아이들이 재미있어해요
아동만화,흔한남매 11,2022-08-04,3,아이들이 좋아하는 책
아동만화,흔한남매 11,2022-08-04,4,써프라이즈선물로 아이에게 줬는데~ 한숨에 다 읽어버리네요!ㅎㅎ 너무잼있다고~
아동만화,흔한남매 11,2022-08-03,4,아이들이 열심히 보네요^^
아동만화,흔한남매 11,2022-08-03,4,아이가 좋아합니다~~
아동만화,흔한남매 11,2022-08-03,4,아이가 재밌어하네요
아동만화,흔한남매 11,2022-08-02,4,읽고 또 읽고 또 봐도 재밌게 보고 있어요
아동만화,흔한남매 11,2022-08-02,4,아이가 혼자 잘 읽는 책이예요
아동만화,흔한남매 11,2022-08-02,4,아이가 좋아해요 ��
아동만화,흔한남매 11,2022-08-02,4,"흔한남매 책 좋아하는데, 11권 나와서 바로 샀어요. 너무 좋아하네요~"
아동만화,흔한남매 11,2022-08-02,4,너무재미있어요 기다리던책입니다
아동만화,흔한남매 11,2022-08-02,4,재미있어서 나오면 바로사는 책입니다
아동만화,흔한남매 11,2022-08-02,4,아이가 너무 재미있게 읽는책입니다.
아동만화,흔한남매 11,2022-08-01,4,재밌게 잘 읽는 책이에요
아동만화,흔한남매 11,2022-08-01,4,흔한남매 좋아하는 아이들에겐 최고의 선물
아동만화,흔한남매 11,2022-08-01,4,아이가 너무 좋아해요
아동만화,흔한남매 11,2022-08-01,4,"초등아들한테 선물로 구입해줬는데, 재미있다고 하네요~~~"
아동만화,흔한남매 11,2022-07-31,4,역시나 애들이 좋아하는 시리즈~~^^ 간만에 보면서 즐거워 하네요.
아동만화,흔한남매 11,2022-07-31,4,흔한남매는 예약구매로 바로 사줘야해요:)
아동만화,흔한남매 11,2022-07-31,4,어김 없이 또 구매했습니다. 초등여아가 좋아합니다.
아동만화,흔한남매 11,2022-07-31,4,재미있게 읽어요. 웃겨요.
아동만화,흔한남매 11,2022-07-31,4,아이가 너무 재밌어해요.주말에 서점갔다가 바로 구매해왔네요.
아동만화,흔한남매 11,2022-07-31,4,아이가 좋아해서 샀어요
아동만화,흔한남매 11,2022-07-31,4,아이들이 너무 재미있어합니다
아동만화,흔한남매 11,2022-07-31,4,아이들이 좋아해서 항상 구매하고있습니다. 역시 재밌네요
아동만화,흔한남매 11,2022-07-31,4,딸아이가 너무 좋아해요~
아동만화,흔한남매 11,2022-07-30,4,너무 너무 좋아요.
아동만화,흔한남매 11,2022-07-30,4,아이가 많이 좋아해여~~
아동만화,흔한남매 11,2022-07-30,4,아이가 너무좋아해서 직접가서 구입했어요^^
아동만화,흔한남매 11,2022-07-30,4,나올때마다 예약구매합니다
아동만화,흔한남매 11,2022-07-30,4,아이가 꾸준히 좋아해요
아동만화,흔한남매 11,2022-07-29,4,재미있게 잘 읽었습니다.
아동만화,흔한남매 11,2022-07-29,4,아이가 오자마자 좋아서 한권 다 읽어버렸어요 다음권도 기대되네요
아동만화,흔한남매 11,2022-07-29,4,아이들이 좋아해요 계속 구매 예정입니다
아동만화,흔한남매 11,2022-07-29,4,조카들이 좋아하는 책이예요 신권 나오면 꼭사주는책 책보기 좋아하는 둥이들 잘 읽을거예요
아동만화,흔한남매 11,2022-07-29,4,아이가 좋아해서 주문했어요^^
아동만화,흔한남매 11,2022-07-29,4,10권까지 부지런히 잘 보는중에 11권 구매했어요 오자마자 둘이서 서로 볼꺼라고 ㅋ
아동만화,흔한남매 11,2022-07-28,4,드디어 책이 오네요~ 아이가 무척 기다려요~^^
아동만화,흔한남매 11,2022-07-21,4,흔한남매 11 너무너무 기대하고있어요.*_* 1컷1컷 웃음넘치는 흔한남매 기다릴게요!
아동만화,흔한남매 11,2022-07-21,4,아이가 좋아하는 흔한 남매 방학 선물이 되겠네요~!^^♡♡
아동만화,마법천자문 53: 결정을 내리다! 결단할 결,2022-07-22,4,아이가 기다리던 책입니다 엽서까지 들어있네요 고맙습니다
아동만화,마법천자문 53: 결정을 내리다! 결단할 결,2022-09-08,4,아이들이 재밌게 잘 읽어요
아동만화,마법천자문 53: 결정을 내리다! 결단할 결,2022-09-04,4,아이들이 좋아합니다.
아동만화,마법천자문 53: 결정을 내리다! 결단할 결,2022-09-02,4,아울북 책은 다 좋아해요
아동만화,마법천자문 53: 결정을 내리다! 결단할 결,2022-09-02,4,재밌게 한자공부하고 좋아요
아동만화,마법천자문 53: 결정을 내리다! 결단할 결,2022-08-30,4,한자공부도 하고 잼있어해요
아동만화,마법천자문 53: 결정을 내리다! 결단할 결,2022-08-29,4,마천 짱 54권도 기대할께요
아동만화,마법천자문 53: 결정을 내리다! 결단할 결,2022-08-29,4,아이가 너무좋아해요~
아동만화,마법천자문 53: 결정을 내리다! 결단할 결,2022-08-29,4,빠른 배송감사합니다!!
아동만화,마법천자문 53: 결정을 내리다! 결단할 결,2022-08-29,4,"마법천자문 출간 눈이 빠지게 기다리다가 주문했는데 받자마자 1시간 이내로 읽어버린 아이~~ 너무 재밌다며 하루만에 3번은 정독!!!
매일 1회독씩~~!
54권 언제 나오냐며 기다립니다~~
다행히 54권은 빨리 나오네요~ 다행이네요~~ ㅎㅎㅎ"
아동만화,마법천자문 53: 결정을 내리다! 결단할 결,2022-08-29,4,신간나오면 바로 사주고 있어요
아동만화,마법천자문 53: 결정을 내리다! 결단할 결,2022-08-25,4,신간 나오는 족족 바로 구매해서 아이가 봅니다
아동만화,마법천자문 53: 결정을 내리다! 결단할 결,2022-08-25,4,한자를 재미있게 익히기에 너무 좋아요
아동만화,마법천자문 53: 결정을 내리다! 결단할 결,2022-08-23,4,아이들이 재미있게 잘 읽고 있습니다! ^^
아동만화,마법천자문 53: 결정을 내리다! 결단할 결,2022-08-21,4,전 시리즈 가지고 있는만큼 재미있고 도움 되는책이에요^^
아동만화,마법천자문 53: 결정을 내리다! 결단할 결,2022-08-20,4,기다리던 책인데 아이가 좋아했어요
아동만화,마법천자문 53: 결정을 내리다! 결단할 결,2022-08-19,4,아이가 이책을보고 한자에 관심을 가졌어요
아동만화,마법천자문 53: 결정을 내리다! 결단할 결,2022-08-19,3,아이가 좋아해서 사주고 있어요
아동만화,마법천자문 53: 결정을 내리다! 결단할 결,2022-08-19,1,내용이 너무 짧다고 아쉬워하네요
아동만화,마법천자문 53: 결정을 내리다! 결단할 결,2022-08-19,4,드디어 53권이 나왔네요^^
아동만화,마법천자문 53: 결정을 내리다! 결단할 결,2022-08-17,4,너무너무 좋아하더라구요
아동만화,마법천자문 53: 결정을 내리다! 결단할 결,2022-08-17,4,조카가 한자공부 좋아해서 항상 구입합니다.
아동만화,마법천자문 53: 결정을 내리다! 결단할 결,2022-08-16,4,아들이 즐겁게 읽고 있어요
아동만화,마법천자문 53: 결정을 내리다! 결단할 결,2022-08-16,4,너무너무 재밌는책입니다
아동만화,마법천자문 53: 결정을 내리다! 결단할 결,2022-08-14,4,초등 아들이 좋아해요
아동만화,마법천자문 53: 결정을 내리다! 결단할 결,2022-08-12,4,아이가 많ㅇ 좋아합니다
아동만화,마법천자문 53: 결정을 내리다! 결단할 결,2022-08-11,4,그대들자신을믿어라! 안에 잠들어 있는 힘을 깨워라!
아동만화,마법천자문 53: 결정을 내리다! 결단할 결,2022-08-10,4,아이가 좋아하는 책입니다
아동만화,마법천자문 53: 결정을 내리다! 결단할 결,2022-08-09,4,너무 기다리던 책이라 출간하자마자 바로 구입해줬어요. 슬퍼서 울었다고 하네요^^
아동만화,마법천자문 53: 결정을 내리다! 결단할 결,2022-08-09,4,아이가 오매불망 기다리던 53권이 나와서 너무 기쁘네요.
아동만화,마법천자문 53: 결정을 내리다! 결단할 결,2022-08-08,4,"아이가 몹시 기다렸고 출간 소식 듣자마자 구입하여, 아끼며 읽는 다더니 단숨에 읽은, 재밌어 하는책 입니다. 손오공과 삼장이 많이 성장했다고 저에게 이야기도 해주고요."
아동만화,마법천자문 53: 결정을 내리다! 결단할 결,2022-08-08,4,기다렸어요~~~ 다음화도 기다리고 있습니다!
아동만화,마법천자문 53: 결정을 내리다! 결단할 결,2022-08-08,4,재밌게 잘읽었습니다
아동만화,마법천자문 53: 결정을 내리다! 결단할 결,2022-08-06,4,딸아이가 좋아해 잘 읽어요
아동만화,마법천자문 53: 결정을 내리다! 결단할 결,2022-08-06,4,무한반복해서 읽어서 나오는것마다 추가구매중입니다
아동만화,마법천자문 53: 결정을 내리다! 결단할 결,2022-08-06,4,아이가 너무 좋아하는 시리즈라 나올때마다 구입하고있어요
아동만화,마법천자문 53: 결정을 내리다! 결단할 결,2022-08-06,4,아이가 좋아하는 책이예요
아동만화,마법천자문 53: 결정을 내리다! 결단할 결,2022-08-04,4,아이가 즐겨읽는 시리즈 입니다
아동만화,마법천자문 53: 결정을 내리다! 결단할 결,2022-08-03,4,새로 나와서 아이가 정말 좋아해요
아동만화,마법천자문 53: 결정을 내리다! 결단할 결,2022-08-02,4,이제 그만 완결을 내주세요
아동만화,마법천자문 53: 결정을 내리다! 결단할 결,2022-08-02,3,의리로 53권까지 왔음
아동만화,마법천자문 53: 결정을 내리다! 결단할 결,2022-08-01,3,생각보다 한자 공부에 도움은 안 되지만 본 세월이 있어서 완결을 기다리며 구매합니다
아동만화,마법천자문 53: 결정을 내리다! 결단할 결,2022-08-01,4,아이가 즐겁게 읽으며 한자에도 관심을 가지니 좋습니다.
아동만화,마법천자문 53: 결정을 내리다! 결단할 결,2022-07-31,4,재미있고 한자공부도 해요.
아동만화,마법천자문 53: 결정을 내리다! 결단할 결,2022-07-31,4,정말 좋아하죠...
아동만화,마법천자문 53: 결정을 내리다! 결단할 결,2022-07-31,4,오랫만에 나왔네요~
아동만화,마법천자문 53: 결정을 내리다! 결단할 결,2022-07-29,4,방학을 맞이하여 선물해주었어요. 마법천자문과 즐거운 방학보낼께요
아동만화,마법천자문 53: 결정을 내리다! 결단할 결,2022-07-28,4,추천받았는데 좋아요^^
아동만화,마법천자문 53: 결정을 내리다! 결단할 결,2022-07-28,4,오랫동안 잘 읽고 좋아했는데... 그림체가 바뀐다니 마니 아쉽네요 홍거북 작가님 담에 다른작품으로 만나길 기대해봅니다 수고많으셨어요~~
아동만화,마법천자문 53: 결정을 내리다! 결단할 결,2022-07-28,4,아이가 많이 기다린던 책ᆢ 받자마자 금방 읽었어요!! 벌써 다음호 내용이 기다려 진다고 합니다.
아동만화,마법천자문 53: 결정을 내리다! 결단할 결,2022-07-27,4,마지막까지~ 신나게 잘 읽었습니다! 많이 아쉬워요
아동만화,마법천자문 53: 결정을 내리다! 결단할 결,2022-07-27,4,아이가 재밌어하네요
아동만화,마법천자문 53: 결정을 내리다! 결단할 결,2022-07-25,4,한자 익히기도 좋고 아이가 좋아해요
아동만화,마법천자문 53: 결정을 내리다! 결단할 결,2022-07-25,4,아이들이 좋아해요
아동만화,마법천자문 53: 결정을 내리다! 결단할 결,2022-07-25,4,아이가 엄청 좋아해요~
아동만화,마법천자문 53: 결정을 내리다! 결단할 결,2022-07-23,4,맙소사... 아직도 안끝났네요ㅋㅋㅋㅋㅋ 아놔;;; 개미지옥이네요ㅋㅋㅋ
아동만화,마법천자문 53: 결정을 내리다! 결단할 결,2022-07-23,3,어릴때부터 바왔던 책인데 캐릭터가 바뀐다니 아쉽습니다.
아동만화,마법천자문 53: 결정을 내리다! 결단할 결,2022-07-22,4,재밌게 읽고 엽서까지 받아 좋은데 다음편부터 캐릭터가 바뀐다니 이제 끊어야하나 싶어요
아동만화,마법천자문 53: 결정을 내리다! 결단할 결,2022-07-21,4,재미있게 잘 읽었습니다.
아동만화,마법천자문 53: 결정을 내리다! 결단할 결,2022-07-21,4,너무나 기다렸고.. 제가 받아보기도 전에 리뷰글을 읽으니 더더욱 빨리 읽고 싶었어요.....발행일이 자꾸 느려져서 안타까웠어요
아동만화,마법천자문 53: 결정을 내리다! 결단할 결,2022-07-21,4,아이가 좋아하는 책입니다.
아동만화,마법천자문 53: 결정을 내리다! 결단할 결,2022-07-20,1,그만 완결냅시다 이거 보던 인원들 다 성인 되었습니다
아동만화,마법천자문 53: 결정을 내리다! 결단할 결,2022-07-20,4,"이번호도 재미있게 봤습니다
다음호도 기다리게 되네요"
아동만화,마법천자문 53: 결정을 내리다! 결단할 결,2022-07-20,4,아이가 좋아해서 구입하고 있어요^^ 구입하고 근처에 앉아서 바로 읽더라고요
아동만화,마법천자문 53: 결정을 내리다! 결단할 결,2022-07-19,4,아들이 너무 좋아하네요
아동만화,마법천자문 53: 결정을 내리다! 결단할 결,2022-07-19,4,아이가 엄청 좋아해요~ 벌써 다음권 찾네요~
아동만화,마법천자문 53: 결정을 내리다! 결단할 결,2022-07-19,4,재미있어서 나올때마다 꾸준히 사고 있습니다
아동만화,마법천자문 53: 결정을 내리다! 결단할 결,2022-07-19,4,아이가 재미있게 보았습니다
아동만화,마법천자문 53: 결정을 내리다! 결단할 결,2022-07-18,4,아이가 항상 기다리는 책이에요~
아동만화,마법천자문 53: 결정을 내리다! 결단할 결,2022-07-18,4,아들딸이 너무너무 좋아합니다. 벌써 3번씩 읽었다네요~^^
아동만화,마법천자문 53: 결정을 내리다! 결단할 결,2022-07-18,4,53권 아이가 재밌게 읽네요!^^
아동만화,마법천자문 53: 결정을 내리다! 결단할 결,2022-07-18,4,아이가목빠지게기다렸던53권이예요!
아동만화,마법천자문 53: 결정을 내리다! 결단할 결,2022-07-18,4,53편을 눈빠지게 기다렸답니다~~^^❤
아동만화,마법천자문 53: 결정을 내리다! 결단할 결,2022-07-18,4,아이가 출간되기를 오래 기다렸어요 좋아하네요
아동만화,마법천자문 53: 결정을 내리다! 결단할 결,2022-07-18,4,아이들이 오랫동안 기다렸었어요.
아동만화,마법천자문 53: 결정을 내리다! 결단할 결,2022-07-17,3,아이가 재미있게 보고 있어요.
아동만화,마법천자문 53: 결정을 내리다! 결단할 결,2022-07-17,4,딸아이 최애 책^^ 몇달을 기다리고 기다렸는데 드디어 출시 됐네요~~~
아동만화,마법천자문 53: 결정을 내리다! 결단할 결,2022-07-16,4,아들이 좋아합니다.
아동만화,마법천자문 53: 결정을 내리다! 결단할 결,2022-07-16,4,재미있게 한자를 익히고 있습니다
아동만화,마법천자문 53: 결정을 내리다! 결단할 결,2022-07-16,4,아이가 좋아해서 시리즈로 구매중입니다.
아동만화,마법천자문 53: 결정을 내리다! 결단할 결,2022-07-15,4,언제나 신권 출간을 기다리고 있습니다 1권부터 빠짐없이 구입했어요
아동만화,마법천자문 53: 결정을 내리다! 결단할 결,2022-07-15,3,아이들이 잘 읽어요
아동만화,마법천자문 53: 결정을 내리다! 결단할 결,2022-07-14,4,아이가 맨날 노래불렀어요 언제 나오냐고 ㅎㅎ
아동만화,마법천자문 53: 결정을 내리다! 결단할 결,2022-07-14,4,마법천자문 재미있어요
아동만화,마법천자문 53: 결정을 내리다! 결단할 결,2022-07-14,4,"마지막이라니, 아쉽네요"
아동만화,마법천자문 53: 결정을 내리다! 결단할 결,2022-07-14,4,아이가 기다리던 책이예요~
아동만화,마법천자문 53: 결정을 내리다! 결단할 결,2022-07-14,4,재미나요. 배송도 빠르고 좋아요!
아동만화,마법천자문 53: 결정을 내리다! 결단할 결,2022-07-13,4,"암흑상제가 마법천자문에 봉인되고, 마음이 없는 자는 소멸되었으며, 신만이 봉인할 수 있기에 삼장이 이를 행한 장면은 스피드있고, 인상깊었습니다. 그런데 멀티버스도 아니고 54권부터 소스시티라는 곳에서 암흑의 후예가 등장하고, 손오공의 모험이라니..? 보아하니까 신규한자 20자도 폐기하고, 그림체도 다소 어린 학생들이 볼 수 있게 작화 수준을 낮춘 것 같은데..우려가 큽니다. 그럼에도 불구하고, 앞으로 기대할게요."
아동만화,에그박사 7,2022-07-07,4,8살 아들이 에그박사를 너무너무 좋아해요. 빨리 8권 나왔으면 좋겠다고 해요ㅠㅠ 어제 도착한 7권인데 말이에요ㅠ 생각보다 하루 빨리와서 좋았습니다^^
아동만화,에그박사 7,2022-09-08,4,아이들이 좋아해요 굿굿굿
아동만화,에그박사 7,2022-09-07,4,아이가 좋아하는 에그박사 시리즈~
아동만화,에그박사 7,2022-09-06,4,에그박사는 꼭 책으로 사서 읽는다기에 조카에게 선물했습니다. 받자마자 그 자리에서 읽는 모습 보니 뿌듯해요
아동만화,에그박사 7,2022-09-05,4,아이가 너무 좋아합니다. 8권 기대되네요
아동만화,에그박사 7,2022-09-05,4,너무너무 좋아요~~~
아동만화,에그박사 7,2022-09-05,4,책을 좋아하지 않아도 아이가 좋아해요
아동만화,에그박사 7,2022-09-03,4,유용한 책 이예요!
아동만화,에그박사 7,2022-09-01,4,아이가 너무 좋아해요~ 흥미 느낄수있게 그림도 재미있고 내용도 유익해요
아동만화,에그박사 7,2022-09-01,4,아들이 에그박사 열혈팬이라 신간을 늘 기다려요
아동만화,에그박사 7,2022-09-01,4,아들이 너무 좋아해요. 유익해요
아동만화,에그박사 7,2022-08-31,4,아이가 매일보네요 너무 좋아하는 책입니다
아동만화,에그박사 7,2022-08-31,4,애들이너무좋아해요~~덕분에곤충에대해거부감이없어요
아동만화,에그박사 7,2022-08-26,4,학습만화로 아이가 좋아하는 책입니다.
아동만화,에그박사 7,2022-08-22,4,알찬 내용으로 8권 9권 잘부탁드려요
아동만화,에그박사 7,2022-08-21,4,아이가 정말 좋아해요 중간중간에 있는. 활동 페이지들도 아이가 좋아해요
아동만화,에그박사 7,2022-08-20,4,에그박사 시리즈로 수집중 . 애들이 너무 좋아하는 곤충시리즈예요.
아동만화,에그박사 7,2022-08-19,4,아이가 재미있게 보내요
아동만화,에그박사 7,2022-08-19,4,아이가 처음 유투브로 접하고 책으로도 너무 좋아해요!
아동만화,에그박사 7,2022-08-18,4,빠르고 좋아요 빠르고 좋아요
아동만화,에그박사 7,2022-08-15,4,애가 많이 좋아해요
아동만화,에그박사 7,2022-08-12,4,내용도 재미있고 아이들의 호기심을 만족시켜 주는 책이에요.
아동만화,에그박사 7,2022-08-10,1,너무 재미있었어요.
아동만화,에그박사 7,2022-08-04,4,기다리던 7권을 드디어 구입해서 딸에게 선물로^^ 단숨에 읽고 8권을 기다리네요^^
아동만화,에그박사 7,2022-08-02,4,아들이 좋아하는 책이라 아묻따 구매요
아동만화,에그박사 7,2022-08-01,4,아이가 1권부터 재미있게 읽고 있어요~
아동만화,에그박사 7,2022-07-29,4,에그박사 7 좋아라 합니다.
아동만화,에그박사 7,2022-07-29,4,아이가 재미있어하며 잘 읽고 있습니다.
아동만화,에그박사 7,2022-07-28,3,아이가 재미있게 읽어요
아동만화,에그박사 7,2022-07-27,4,재미있게 너무 잘 읽었굽니다. 아이가 시간 가는 줄 모르고 읽네요~^^
아동만화,에그박사 7,2022-07-26,4,8권 8월에 출간해주세요~~아이가 기대하고 있어요 ㅋ
아동만화,에그박사 7,2022-07-26,4,아이가 좋아하는 책이예요. 유용해요
아동만화,에그박사 7,2022-07-26,4,과학을 쉽고 잘 이해되게 해주는 학습만화
아동만화,에그박사 7,2022-07-26,4,아이가 재미있다고 하네요^^ 내용도 유용해요~!!!
아동만화,에그박사 7,2022-07-25,4,자연을 좋아하는 아이 에그박사를 제일 좋아해요.
아동만화,에그박사 7,2022-07-25,4,어려운 내용을 참 재밌고 쉽게 서술했네요. 재미있는 그림과 함께~
아동만화,에그박사 7,2022-07-25,4,9살아이 에그박사 너무 좋아하네요
아동만화,에그박사 7,2022-07-22,4,흥미롭고 재밌게 구성이 되어있어요 에그박사 좋아하는 아들도 좋아하지만 별로 영상 안보는 딸도 책은 재밌게 읽어요
아동만화,에그박사 7,2022-07-21,4,아이들이 좋아해요.
아동만화,에그박사 7,2022-07-21,4,아이가 줄곧 기다리는 시리즈입니다
아동만화,에그박사 7,2022-07-20,4,아이가 늘 기다리는 책이예요~
아동만화,에그박사 7,2022-07-20,4,마음에 들어요. 추천해요
아동만화,에그박사 7,2022-07-19,4,오자마자 다읽어버리내요...
아동만화,에그박사 7,2022-07-19,4,아이가 재미있게 보았습니다
아동만화,에그박사 7,2022-07-18,4,초1 아들과 초4 딸 아이가 정말 좋아하는 책이예요. 1권부터 계속 반복하며 읽고 있어요.
아동만화,에그박사 7,2022-07-18,4,아들이 눈빠지게기다렸어요
아동만화,에그박사 7,2022-07-16,4,아이가 너무 좋아하는 에그박사입니다^^ 바로드림으로 구매했는데 기다리지않아서 좋네요
아동만화,에그박사 7,2022-07-16,4,7권 나왔다고 바로 사네요. 즐겨보고 있습니다.
아동만화,에그박사 7,2022-07-16,4,아이가 기대하며 기다리는 시리즈입니다.
아동만화,에그박사 7,2022-07-15,4,늘 다음권을 기대하게하는 에그박사^^
아동만화,에그박사 7,2022-07-13,4,아이가 좋아하는 책입니다
아동만화,에그박사 7,2022-07-13,4,아이가좋아하네요 재밌는책입니다
아동만화,에그박사 7,2022-07-13,4,아익가 정독해요~ 리프레쉬로 좋은거같아요
아동만화,에그박사 7,2022-07-12,4,새시리즈 나오면 득달같이 구매해 보고 또 보는 책이에요
아동만화,에그박사 7,2022-07-12,4,9살 아들 항상 순식간에 너무 좋아하며 읽습니다.
아동만화,에그박사 7,2022-07-11,4,항상 기다리던 둘째의 최애책 이번에도 재밌게 봤다고 합니다
아동만화,에그박사 7,2022-07-10,4,아이가 좋아해요 ㅎ
아동만화,에그박사 7,2022-07-06,4,아이가 오래 기다리던 책이라 너무 좋아합니다 선물 같은 책이예요
아동만화,에그박사 7,2022-07-06,4,아이가 목이빠지게 기다리던 7권이에요~ 단숨에 다 읽어버렸네요 ㅎㅎ 벌써부터 8권이 기대된다고 하네요
아동만화,흔한남매 과학 탐험대 5: 물리 1,2022-06-23,3,아이들이 참 좋아합니다
아동만화,흔한남매 과학 탐험대 5: 물리 1,2022-09-04,4,아이들가 재미 있다고 좋아해요
아동만화,흔한남매 과학 탐험대 5: 물리 1,2022-09-03,4,아이가 너무 좋아해요^^
아동만화,흔한남매 과학 탐험대 5: 물리 1,2022-08-29,4,시리즈 나올때마다 사달라합니다
아동만화,흔한남매 과학 탐험대 5: 물리 1,2022-08-29,4,조카카 흔한남매 좋아해서 선물했어요
아동만화,흔한남매 과학 탐험대 5: 물리 1,2022-08-28,4,아이들이 참 좋아합니다.
아동만화,흔한남매 과학 탐험대 5: 물리 1,2022-08-27,4,배송이 빨라서 좋아요
아동만화,흔한남매 과학 탐험대 5: 물리 1,2022-08-26,4,좋아해요 흔한남매를 엄마는 싫어하는데 아이는 넘나 좋아합니다ㅋ
아동만화,흔한남매 과학 탐험대 5: 물리 1,2022-08-25,4,흔한남매시리즈는 늘 인기있네요
아동만화,흔한남매 과학 탐험대 5: 물리 1,2022-08-24,4,흔한남매 책은 엄청 재미있어해요
아동만화,흔한남매 과학 탐험대 5: 물리 1,2022-08-23,4,흔한남매 알기쉽게 되어있어 잘읽어요
아동만화,흔한남매 과학 탐험대 5: 물리 1,2022-08-23,4,아이가 물리에 대해 흥미를 느껴요
아동만화,흔한남매 과학 탐험대 5: 물리 1,2022-08-22,4,어린이들이 물리를 쉽게.접할수있을거같네요
아동만화,흔한남매 과학 탐험대 5: 물리 1,2022-08-21,4,너무 재밌어하네요 시리즈 구매로 구입하고 있어요
아동만화,흔한남매 과학 탐험대 5: 물리 1,2022-08-20,4,놀이공원에서의 물리
아동만화,흔한남매 과학 탐험대 5: 물리 1,2022-08-19,3,아이가 잘 보고 있어요
아동만화,흔한남매 과학 탐험대 5: 물리 1,2022-08-19,4,잘받았습니다 아이들이 좋아해요
아동만화,흔한남매 과학 탐험대 5: 물리 1,2022-08-17,4,과학탐험대 시리즈 늘 기다려요~ 지식 재밌게 풀어주셔서 감사해요
아동만화,흔한남매 과학 탐험대 5: 물리 1,2022-08-17,4,물리2도 기대됩니다 재미있어 하네요
아동만화,흔한남매 과학 탐험대 5: 물리 1,2022-08-15,4,흔한남매중에 유익한 책인것같아요 아이가 잘 봐서 좋아요
아동만화,흔한남매 과학 탐험대 5: 물리 1,2022-08-14,4,서점 가판대에서 보자마자 망설임없이 집어드네요ㅎ 아이들이 좋아하는 시리즈라 사주고는 있습니다~
아동만화,흔한남매 과학 탐험대 5: 물리 1,2022-08-13,4,다음권 언제나오나요~~ 기대중^^
아동만화,흔한남매 과학 탐험대 5: 물리 1,2022-08-12,4,아이가 무척 좋아해요
아동만화,흔한남매 과학 탐험대 5: 물리 1,2022-08-11,4,일단 흔한남매니까 애들이 좋아하고 내용도 재미있어서 시리즈 구매 각이네요..
아동만화,흔한남매 과학 탐험대 5: 물리 1,2022-08-09,4,초2 아이가 책 나오면 바로바로 사달라고 하는 책 중에 하나입니다. 초3부터 과학교과 시작 되는데 벌써부터 많은 도움이 되고 있어요. 이번은 물리!!!! 과학책을 보면서도 큭큭큭 재밌는지 웃는 모습이 엄마로써 매우 흐뭇해지는 책이에요.
아동만화,흔한남매 과학 탐험대 5: 물리 1,2022-08-08,4,아이가 좋아해요 열심히 읽네요
아동만화,흔한남매 과학 탐험대 5: 물리 1,2022-08-03,4,아이가 좋아해서 꾸준히 구입하는 시리즈예요
아동만화,흔한남매 과학 탐험대 5: 물리 1,2022-08-03,4,재미있게 잘 보고있어요
아동만화,흔한남매 과학 탐험대 5: 물리 1,2022-08-02,4,"흔한남매 책 좋아하는데, 방학이라 시리즈로 사봤어요. 너무 좋아하네요~"
아동만화,흔한남매 과학 탐험대 5: 물리 1,2022-08-01,4,재미있게 잘 읽네요
아동만화,흔한남매 과학 탐험대 5: 물리 1,2022-08-01,4,아이가 잘 읽어요~~
아동만화,흔한남매 과학 탐험대 5: 물리 1,2022-07-31,4,아이들이 너무 좋아해요
아동만화,흔한남매 과학 탐험대 5: 물리 1,2022-07-28,4,"과학에 대한 흔한남매이야기, 잘 읽어요."
아동만화,흔한남매 과학 탐험대 5: 물리 1,2022-07-28,4,초등생 손자가 보고 싶다해 주문햏는데 잘받았다고 하네요 배송 빨라 좋습니다
아동만화,흔한남매 과학 탐험대 5: 물리 1,2022-07-28,4,아이가 즐겁게 읽었습니다.
아동만화,흔한남매 과학 탐험대 5: 물리 1,2022-07-26,4,아이가 좋아하는 흔한남매!!! 흔한남매 출간하면 바로바로 구매하고 있답니다 읽고 또 읽고 몇번을 읽는지 모르겠네요 재미와 교육을 같이 할수있도록 앞으로도 좋은시리즈 나왔으면 좋겠습니다
아동만화,흔한남매 과학 탐험대 5: 물리 1,2022-07-25,4,아이들이 과학을 보는 눈이 넓어져서 좋아요
아동만화,흔한남매 과학 탐험대 5: 물리 1,2022-07-23,4,아이가 좋아하는 시리즈에요!!
아동만화,흔한남매 과학 탐험대 5: 물리 1,2022-07-22,4,아이에게 최고의 선물이네요~~^^
아동만화,흔한남매 과학 탐험대 5: 물리 1,2022-07-22,4,과학에 대해 생각보다 심도있게 나와있어요
아동만화,흔한남매 과학 탐험대 5: 물리 1,2022-07-21,4,아이들이 좋아해요.
아동만화,흔한남매 과학 탐험대 5: 물리 1,2022-07-21,4,학습만화에 관심있어서 사주었는데 좋아하네요^^ 다른편도 사서 봐야겠어요^^
아동만화,흔한남매 과학 탐험대 5: 물리 1,2022-07-19,4,아이가 좋아합니다 ~~
아동만화,흔한남매 과학 탐험대 5: 물리 1,2022-07-18,4,아이가 새책 나오기만을 기다려요 너무 즐겁게보내요
아동만화,흔한남매 과학 탐험대 5: 물리 1,2022-07-18,4,애가 너무 좋아하네요
아동만화,흔한남매 과학 탐험대 5: 물리 1,2022-07-16,4,아이들이 좋아해서 선물용으로 재구매했어요^^
아동만화,흔한남매 과학 탐험대 5: 물리 1,2022-07-16,4,다음편을 무척이나 기다리고 있어요.. 넘넘 재미있다네요..
아동만화,흔한남매 과학 탐험대 5: 물리 1,2022-07-16,4,아이들이 너무 좋아해요^^
아동만화,흔한남매 과학 탐험대 5: 물리 1,2022-07-16,4,아이가 좋아해요^^
아동만화,흔한남매 과학 탐험대 5: 물리 1,2022-07-15,4,아이들이 좋아해요~
아동만화,흔한남매 과학 탐험대 5: 물리 1,2022-07-14,4,아이가 넘좋아하는 시리즈 :)
아동만화,흔한남매 과학 탐험대 5: 물리 1,2022-07-14,4,아이가 좋아해요^^
아동만화,흔한남매 과학 탐험대 5: 물리 1,2022-07-12,3,아이가 재미있게 읽네요
아동만화,흔한남매 과학 탐험대 5: 물리 1,2022-07-11,3,"좋아해요,.........."
아동만화,흔한남매 과학 탐험대 5: 물리 1,2022-07-11,4,가격은 비싸지만 아이들이 좋아해요
아동만화,흔한남매 과학 탐험대 5: 물리 1,2022-07-10,4,초2아들 이 시리즈 읽고 또 읽는데 내용이 좀 어렵다고 하네요 만화만 보지 않길 바라는 부모눈으로 보니 물리내용이니 어려운 부분들이 보이더라고요 여러번 보면서 이해해나가길 읽고 과학이랑 좀 더 친해졌으면 싶네요 내용에 충실한 과학입문서라는 생각이 듭니다
아동만화,흔한남매 과학 탐험대 5: 물리 1,2022-07-10,4,초2 아들이 어렵다네요 시리즈 읽고 또 읽고 하는데 물리는 아무리 쉽게 쓴다고 해도 어렵죠
아동만화,흔한남매 과학 탐험대 5: 물리 1,2022-07-09,4,딸이 정말 좋아하는 책이에요~^^
아동만화,흔한남매 과학 탐험대 5: 물리 1,2022-07-09,4,잘 읽고 있습니다~^^
아동만화,흔한남매 과학 탐험대 5: 물리 1,2022-07-09,4,즐겁게 잘 읽는 시리즈 중 하나입니다.
아동만화,흔한남매 과학 탐험대 5: 물리 1,2022-07-09,4,4권까지 너무 재미있게 잘 읽었어요 5권도 구매해달라고해서 사줬더니 너무 좋아하네요
아동만화,흔한남매 과학 탐험대 5: 물리 1,2022-07-09,4,4권까지 너무 재미있게 읽었다는 아들 5권도 사달라고해서 구매했더니 너무 좋아하네요
아동만화,흔한남매 과학 탐험대 5: 물리 1,2022-07-09,4,재밌네요 잘 보고 있어요. ^^
아동만화,흔한남매 과학 탐험대 5: 물리 1,2022-07-08,4,시리즈다가지고있는데 읽고또읽고또읽고해요^^
아동만화,흔한남매 과학 탐험대 5: 물리 1,2022-07-07,4,아이가 신간나올때마다 구매원하네요
아동만화,흔한남매 과학 탐험대 5: 물리 1,2022-07-06,4,아이가 손꼽아기다렸어요
아동만화,흔한남매 과학 탐험대 5: 물리 1,2022-07-06,4,아이가 너무 좋아하는 책입니다
아동만화,흔한남매 과학 탐험대 5: 물리 1,2022-07-05,4,4권까지 읽고 5권을 샀네요. 잘 읽어요. 재미있다하네요
아동만화,흔한남매 과학 탐험대 5: 물리 1,2022-07-05,4,아이들이재미있어합니다
아동만화,흔한남매 과학 탐험대 5: 물리 1,2022-07-05,4,"아이들이 너무 좋아하네요,,,,"
아동만화,흔한남매 과학 탐험대 5: 물리 1,2022-07-04,4,과학탐험대 재미있게 읽고 있습니다
아동만화,흔한남매 과학 탐험대 5: 물리 1,2022-07-04,4,아이가 졸아하고 잘 읽어요
아동만화,흔한남매 과학 탐험대 5: 물리 1,2022-07-03,4,아이들이 항상 좋아하고 잘 읽는 흔한남매 과학탐험대에요.
아동만화,흔한남매 과학 탐험대 5: 물리 1,2022-07-03,4,"저희애가 너무 재미있어하고, 좋아하는 책입니다ㅎ 물리2를 벌써 기다리고 있어요^^"
아동만화,흔한남매 과학 탐험대 5: 물리 1,2022-07-03,3,아이가 좋아합니다.
아동만화,흔한남매 과학 탐험대 5: 물리 1,2022-07-02,4,아이가 좋아하는 책이라 구매했어요
아동만화,흔한남매 과학 탐험대 5: 물리 1,2022-07-01,4,아이가 매우 잘읽어요. 시리즈 다 구입했어요
아동만화,흔한남매 과학 탐험대 5: 물리 1,2022-07-01,4,꾸준하게 잘 읽어서 시리즈 나올때마다 구매하고 있어요
아동만화,흔한남매 과학 탐험대 5: 물리 1,2022-06-30,4,캐릭터 너무 친숙하고 내용은 교육적이라 좋아요
아동만화,흔한남매 과학 탐험대 5: 물리 1,2022-06-30,4,과학에 관심있는 학생이 좋아합니다
아동만화,흔한남매 과학 탐험대 5: 물리 1,2022-06-29,3,흔한 남매 시리즈는 빼놓지않고 구입해요.
아동만화,흔한남매 과학 탐험대 5: 물리 1,2022-06-28,4,기다리고 기다리던 책이에요 ㅎㅎ
아동만화,흔한남매 과학 탐험대 5: 물리 1,2022-06-28,4,아이들이 기다리고 기다렸어요
아동만화,흔한남매 과학 탐험대 5: 물리 1,2022-06-27,4,"물리를 어려워 하는 엄마인데도 아이와 함께 책을 읽고 엄마도 아이도 쉽게 이해할수 있게 설명되어 있네요.
초등학교 2학년 아이도 즐겁고 재미있고 쉽게 읽습니다!
늘 좋은책 감사합니다."
아동만화,흔한남매 과학 탐험대 5: 물리 1,2022-06-26,4,다음 내용을 빨리 읽고 싶어요.
아동만화,흔한남매 과학 탐험대 5: 물리 1,2022-06-26,4,아이들이 좋아합니다
아동만화,흔한남매 과학 탐험대 5: 물리 1,2022-06-26,4,아이들이 좋아해요.
아동만화,흔한남매 과학 탐험대 5: 물리 1,2022-06-26,4,즐겁게 과학 상식을 쌓게 되어 만족합니다.
아동만화,흔한남매 과학 탐험대 5: 물리 1,2022-06-26,4,아이가 너무너무 재밌게 읽었대요!
아동만화,흔한남매 과학 탐험대 5: 물리 1,2022-06-26,4,아이가 이책에 푹 빠져있어요
아동만화,흔한남매 과학 탐험대 5: 물리 1,2022-06-26,4,아이가 너무 재밌게 읽고 있어요
아동만화,흔한남매 과학 탐험대 5: 물리 1,2022-06-25,4,흔한남매 책 종류가 너무 많아서 사도사도 끝이 없어요. 아이가 너무 좋아해요
아동만화,흔한남매 과학 탐험대 5: 물리 1,2022-06-25,4,이번엔 물리 얘기라서 더 좋아요 :)
아동만화,흔한남매 과학 탐험대 5: 물리 1,2022-06-24,4,유명한 이유가 있어요 추천!
아동만화,흔한남매 과학 탐험대 5: 물리 1,2022-06-23,4,흔한남매 시리즈는 참 좋은것 같아요.
아동만화,흔한남매 과학 탐험대 5: 물리 1,2022-06-23,4,과학탐험대 시리즈 나올때마다 사서 모으고있어요ㅋ 벌써 5권째~ 아이가 너무 좋아해요
아동만화,흔한남매 과학 탐험대 5: 물리 1,2022-06-23,4,과학을 재미있게 접하게 해주니 좋아요
아동만화,흔한남매 과학 탐험대 5: 물리 1,2022-06-23,4,아이들이 너무 좋아하고 재미있게 읽어요~~^^
아동만화,흔한남매 과학 탐험대 5: 물리 1,2022-06-22,4,아이가 정말 재밌어합니다 추천드려요 ㅎㅎ
아동만화,흔한남매 과학 탐험대 5: 물리 1,2022-06-21,4,몇번씩 반복해서 읽네요 재밌대요
아동만화,흔한남매 과학 탐험대 5: 물리 1,2022-06-20,4,아이가 한번에 읽었어요
아동만화,흔한남매 과학 탐험대 5: 물리 1,2022-06-19,4,유익한 정보도 주는 책입니다
아동만화,흔한남매 과학 탐험대 5: 물리 1,2022-06-19,4,아이들이 좋아해서 시리즈로 구매중입니다.
아동만화,흔한남매 과학 탐험대 5: 물리 1,2022-06-18,4,"아이가 정말 좋아하는 책이예요 흔남 시리즈는 말할것도 없지만, 교육에도 많이 도움되는 추천하고싶은 책이네요"
아동만화,흔한남매 과학 탐험대 5: 물리 1,2022-06-18,4,재미있게 읽어요. 배송도 빠르고 좋아요.
아동만화,흔한남매 과학 탐험대 5: 물리 1,2022-06-18,4,이 시리즈는 무한반복하며 읽어서 출시되자마자 예약주문하고 받았어요. 이번 편도 너무나 재밌게 보네요
아동만화,흔한남매 과학 탐험대 5: 물리 1,2022-06-17,4,아이가 좋아해서 주문하는데 재미있나봐요
아동만화,민쩌미 1,2022-08-31,4,아이가 너무좋아하네요
아동만화,민쩌미 1,2022-08-31,4,딸이 잼있어해요ㅎ 벌써 2권을 기다리네요^^
아동만화,민쩌미 1,2022-08-28,4,민쩌미 너무 좋아해요
아동만화,민쩌미 1,2022-08-26,4,넘 넘 행복해해요 재미있어요
아동만화,민쩌미 1,2022-08-24,4,아이가 좋아해서 읽어 보고싶대서 구매합니다^^
아동만화,민쩌미 1,2022-08-24,4,아이가 너무 좋아하는 민쩌미~읽고 또 읽고를 반복하네요.
아동만화,민쩌미 1,2022-08-21,4,흔한남매보다 더 좋아하네요 딸아이라서 그런지는 모르겠지만요
아동만화,민쩌미 1,2022-08-21,1,아이가 사달라고 해서 결국 구입하게 되었네요
아동만화,민쩌미 1,2022-08-21,4,아이가 좋아해요 2권 기다리네요
아동만화,민쩌미 1,2022-08-20,4,"10세, 7세 여아가 민쩌미 언니에게 푹빠져 선물로 구입했습니다. 공부시간 끝나고 쉬는시간에 재밌게 읽을 수 있어 좋아합니다."
아동만화,민쩌미 1,2022-08-18,4,밍꼬발랄을 잼있게 읽어서 민쩌미 책 나왔다고 해서 아이들 사줬는데 이것도 너무 잼있다고 하네요
아동만화,민쩌미 1,2022-08-18,4,너무재밌어요. 아이가좋아합니다
아동만화,민쩌미 1,2022-08-16,4,흥미롭고 재밌게 잘 읽었어요
아동만화,후파 광륜의 초마신,2022-09-07,4,아이가 좋아해서 샀는 데 저더 읽으면서 재미 있었어요~ 나름 포켓몬 내용도 있고 아이들이 배울 교훈도 있는 거 같아요 협동하고 돕고 어려운점을 같이 극복한다는 걸 배우네요~
아동만화,후파 광륜의 초마신,2022-08-09,4,조카들이 너무 좋아하네요
아동만화,후파 광륜의 초마신,2022-08-08,4,영화로 봤는데 책으로 또 읽고 싶어해요.
아동만화,후파 광륜의 초마신,2022-07-29,4,아이가 좋아해요~잘 읽어요^^
아동만화,후파 광륜의 초마신,2022-07-28,4,화수분 같은 포캣몬 극장판 책..ㅠㅠ
아동만화,후파 광륜의 초마신,2022-07-26,4,아이가 좋아하는 내용이라 순식간에 읽어버렸네요.
아동만화,후파 광륜의 초마신,2022-07-16,4,아이가 재미있다고하네요
아동만화,후파 광륜의 초마신,2022-07-03,2,아이들 사이에서 유행하는 거니 아이가 읽고 싶어해서 본인 용돈으로 샀어요ㅋ
아동만화,후파 광륜의 초마신,2022-06-13,4,포켓몬 매니아 아들의 픽이예요 두번 세번 많이 읽어요 ^^
아동만화,후파 광륜의 초마신,2022-04-15,4,아이가 극장판 너무 좋아해요
아동만화,후파 광륜의 초마신,2022-03-27,4,엄청 좋아해요~^^
아동만화,후파 광륜의 초마신,2022-03-02,4,아이가 많이 좋아해서 샀어요
아동만화,후파 광륜의 초마신,2021-11-27,4,아이들이재미있어합니다
아동만화,후파 광륜의 초마신,2021-10-04,4,아이가 포켓몬 애니메이션 보고 책으로도 보고 싶어해서 구매했습니다. 좋네요
아동만화,후파 광륜의 초마신,2021-04-23,4,좋아요 좋아요 좋아요
아동만화,후파 광륜의 초마신,2021-04-08,4,애니매이션 북이라 만화랑 같고요 책이 두꺼워요
아동만화,후파 광륜의 초마신,2021-02-22,4,읽고 싶다고 스스로 고른 책이라 내용은 자세히 모르겠어요. 제목도 처음 들어봤는데 재밌어해요.
아동만화,후파 광륜의 초마신,2019-06-25,4,아이가 스스로 고른 책 만화책이지만 집중해서 한번에 읽네요
아동만화,후파 광륜의 초마신,2017-01-16,4,잘 읽고 있어요 좋아해요
아동만화,후파 광륜의 초마신,2017-01-16,4,요즘 인기라 잘 읽고 있어요
아동만화,후파 광륜의 초마신,2016-05-06,3,재미있게 보내요~~~~~~~
아동만화,극장판 포켓몬스터 뮤츠의 역습 Evolution,2022-08-30,4,포켓몬을 너무 사랑하는 아들이라.. 이 책을 끼고 삽니다.
아동만화,극장판 포켓몬스터 뮤츠의 역습 Evolution,2022-08-20,4,조카들 포켓몬카드와함깨 선물하니 잘 읽어요
아동만화,극장판 포켓몬스터 뮤츠의 역습 Evolution,2022-08-11,4,아이가 정말 좋아했어요. 방학이라 같이가서 구매했어요
아동만화,극장판 포켓몬스터 뮤츠의 역습 Evolution,2022-07-13,4,알찬 구성이고 잘 나왔어요
아동만화,극장판 포켓몬스터 뮤츠의 역습 Evolution,2022-07-08,4,아이가좋아해서 좋네요
아동만화,극장판 포켓몬스터 뮤츠의 역습 Evolution,2022-06-21,4,학교에서 인기가 많은 책이에요
아동만화,극장판 포켓몬스터 뮤츠의 역습 Evolution,2022-01-20,4,만화책이라 좋아해요
아동만화,극장판 포켓몬스터 뮤츠의 역습 Evolution,2021-12-23,4,선물해줬는데 정말 매일 봐요
아동만화,극장판 포켓몬스터 뮤츠의 역습 Evolution,2021-11-18,4,애니메니선 본게 기억나는지 엄청 집중해서 읽더라규요 극장판 포켓몬스터 찍어서 대사만 올라갔다 생각하면 됩니다 ㅎㅎ
아동만화,극장판 포켓몬스터 뮤츠의 역습 Evolution,2021-11-03,4,아이가 좋아해요 다음편을 기다립니다
아동만화,극장판 포켓몬스터 뮤츠의 역습 Evolution,2021-10-19,4,영화장면을 편집한 책입니다. 아이들이 좋아하네요.
아동만화,극장판 포켓몬스터 뮤츠의 역습 Evolution,2021-07-15,3,아이가 너무 좋아해요
아동만화,극장판 포켓몬스터 뮤츠의 역습 Evolution,2021-06-06,3,아이가 재밌게 순삭했네요 ~~
아동만화,극장판 포켓몬스터 뮤츠의 역습 Evolution,2021-06-03,3,아이가 읽고싶었던 책이라며 너무 좋아하네요
아동만화,극장판 포켓몬스터 뮤츠의 역습 Evolution,2021-03-03,4,이게뭐라고ㅜ아이는 매일봅니다
아동만화,극장판 포켓몬스터 뮤츠의 역습 Evolution,2021-02-01,4,포켓몬스터 만화책 다 모을기세로 사고있어요 아들이 너무 좋아하네요
아동만화,극장판 포켓몬스터 뮤츠의 역습 Evolution,2021-01-24,4,아이가 좋아해요
아동만화,설민석의 한국사 대모험 21,2022-07-22,4,설민석 한국사 기다렸다 나오면 사는 구입독서입니다 아이가 초6 한국사를 좋아해서 다양하게 읽혀주고 싶어서 구입합니다
아동만화,설민석의 한국사 대모험 21,2022-09-08,4,아이들이 잘읽어요ㅡ재밌대요~ 계속사달래요..
아동만화,설민석의 한국사 대모험 21,2022-09-08,4,재미있게 보고있어요~~~
아동만화,설민석의 한국사 대모험 21,2022-09-04,4,아이가 재미있어해서 발간 될때마다 사서 읽고있습니디
아동만화,설민석의 한국사 대모험 21,2022-09-03,4,좋아요 좋아요 좋아요 좋아요
아동만화,설민석의 한국사 대모험 21,2022-09-03,4,아이가 잘 읽어요~!
아동만화,설민석의 한국사 대모험 21,2022-09-02,4,재미있고 유용해요 잘읽혀요
아동만화,설민석의 한국사 대모험 21,2022-08-30,4,아이가 잘읽어요 한국사도 공부하니 좋네요
아동만화,설민석의 한국사 대모험 21,2022-08-30,4,저학년부터 고학년까지 이 시리즈를 꾸준히 읽고 또 읽네요
아동만화,설민석의 한국사 대모험 21,2022-08-28,4,재미있게 잘 읽었습니다
아동만화,설민석의 한국사 대모험 21,2022-08-25,4,아이가 좋아하는 책이예요
아동만화,설민석의 한국사 대모험 21,2022-08-24,4,아이가 좋아하고 잘 읽네요
아동만화,설민석의 한국사 대모험 21,2022-08-24,4,아이가엄청좋아해요 다음편기다리고 있어요~
아동만화,설민석의 한국사 대모험 21,2022-08-24,4,1권부터 쭉 계속 읽고 또 읽고 있네요. 새로 나와서 또 구매했어요
아동만화,설민석의 한국사 대모험 21,2022-08-24,4,아이가 좋아하는 시리즈입니다. 재미있어해요
아동만화,설민석의 한국사 대모험 21,2022-08-23,4,아이들이 재미있게 잘 읽고 있습니다! ^^
아동만화,설민석의 한국사 대모험 21,2022-08-23,4,아이가 정말 좋아합니다
아동만화,설민석의 한국사 대모험 21,2022-08-22,4,도움이 되는 양서에요
아동만화,설민석의 한국사 대모험 21,2022-08-21,4,아이들이 잘봐요ㅎㅎ
아동만화,설민석의 한국사 대모험 21,2022-08-19,4,아이가 무척 좋아합니다
아동만화,설민석의 한국사 대모험 21,2022-08-19,4,아이가 기다리고 기다리던 책!!
아동만화,설민석의 한국사 대모험 21,2022-08-18,4,아이들이 좋아해서 항상 나오기만 기다리고 있다가 구매 하였습니다 빠른배송 감사합니다
아동만화,설민석의 한국사 대모험 21,2022-08-18,4,아이가 웃으며 즐겁게 보네요
아동만화,설민석의 한국사 대모험 21,2022-08-16,4,아이가 재밌게 읽고있어요
아동만화,설민석의 한국사 대모험 21,2022-08-16,4,아이가 재밌게 보고 있어요
아동만화,설민석의 한국사 대모험 21,2022-08-16,4,아이가 재밌게 잘 봤어요
아동만화,설민석의 한국사 대모험 21,2022-08-14,4,아이가 좋아해서 주문했어요.
아동만화,설민석의 한국사 대모험 21,2022-08-13,4,아이가 좋아하는 시리즈
아동만화,설민석의 한국사 대모험 21,2022-08-11,4,아이가 좋아합니다.
아동만화,설민석의 한국사 대모험 21,2022-08-10,4,쉽게 배울 수 있는 역사책이에요
아동만화,설민석의 한국사 대모험 21,2022-08-09,4,딸이 엄청 좋아합니다 책도 잘읽고 카드 모으는것도 좋아합니다
아동만화,설민석의 한국사 대모험 21,2022-08-07,4,재밌어요 꾸준히 사봅니다
아동만화,설민석의 한국사 대모험 21,2022-08-05,4,아이가 꾸준히 보며 재미있어하는 책입니다
아동만화,설민석의 한국사 대모험 21,2022-08-04,4,항상 기다려지는 책
아동만화,설민석의 한국사 대모험 21,2022-08-04,4,아이들이 너무 좋아합니다
아동만화,설민석의 한국사 대모험 21,2022-08-04,4,설민석 선생님과 함께 늘 즐겁고 잘 읽힙니다
아동만화,설민석의 한국사 대모험 21,2022-08-03,4,계속 구입하는 시리즈 입니다
아동만화,설민석의 한국사 대모험 21,2022-08-03,4,설민석샘 팬이라서 신간 나올때마다 구입해요
아동만화,설민석의 한국사 대모험 21,2022-08-03,4,재밌습니다~
아동만화,설민석의 한국사 대모험 21,2022-08-02,4,꾸준히 읽고 있습니다. 쉽게 익힐 수 있어요.
아동만화,설민석의 한국사 대모험 21,2022-08-02,4,이 책도 완결이라는 게 있긴 있나요? ㅋ
아동만화,설민석의 한국사 대모험 21,2022-08-01,4,아이가 좋아해서 좋아요
아동만화,설민석의 한국사 대모험 21,2022-08-01,4,일곱살때부터읽기시작해서 초등 4학년인 지금까지 출간즉시 구매하는 베스트 도서 입니다♡
아동만화,설민석의 한국사 대모험 21,2022-07-31,4,교보올 때마다 늘 기다리는 책 중 하나에요. 저학년이 역사 접하기에 이것보다 좋은 책은 없는 것 같아요
아동만화,설민석의 한국사 대모험 21,2022-07-29,4,아이가 정말 좋아하네요
아동만화,설민석의 한국사 대모험 21,2022-07-28,4,세계사 / 한국사 모두 아이들이 순삭 읽어요.
아동만화,설민석의 한국사 대모험 21,2022-07-26,4,애들이 매번보고있는데 잼있다고합니다 배송도 빠르고 싸게 샀네요^^
아동만화,설민석의 한국사 대모험 21,2022-07-26,4,한국사를 어떡해 접해줘야 할지 고민했는데..설민석 한국사 덕분에 한국사에 관심을 가지고 읽기시작했습니다 새로운책이 나오면 무조건 구매해 읽고 또 읽고하네요
아동만화,설민석의 한국사 대모험 21,2022-07-26,4,방학기간동안 읽기 위해 구매하였습니다.
아동만화,설민석의 한국사 대모험 21,2022-07-26,4,아이가 좋아해서 주문했는데 역시 보기 좋게 되어있네요^^
아동만화,설민석의 한국사 대모험 21,2022-07-25,4,아이들이 좋아합니다
아동만화,설민석의 한국사 대모험 21,2022-07-24,4,아이가 좋아하는 한국사 늘 다음권이 기대되네요. 제가 설레입니다.
아동만화,설민석의 한국사 대모험 21,2022-07-22,4,꾸준히 구비하는 책입니다
아동만화,설민석의 한국사 대모험 21,2022-07-21,4,아이가 넘 좋아해요~
아동만화,설민석의 한국사 대모험 21,2022-07-21,4,아이들이 좋아해요.
아동만화,설민석의 한국사 대모험 21,2022-07-21,4,아이가 좋아하네요~~
아동만화,설민석의 한국사 대모험 21,2022-07-21,4,역사를쉽게접해서 좋아요
아동만화,설민석의 한국사 대모험 21,2022-07-21,4,역사 공부에 도움이 됩니다
아동만화,설민석의 한국사 대모험 21,2022-07-20,4,아이가 재밌다고 좋아해요
아동만화,설민석의 한국사 대모험 21,2022-07-18,4,아이가 잘 읽고 있어요^^
아동만화,설민석의 한국사 대모험 21,2022-07-18,4,아이들이 재미있게 읽어내려가요
아동만화,설민석의 한국사 대모험 21,2022-07-18,4,아이들이 원해서 구매했더니 재미나게읽어요
아동만화,설민석의 한국사 대모험 21,2022-07-17,4,아이가 너무재밌어해요
아동만화,설민석의 한국사 대모험 21,2022-07-17,4,아이가 역사를 재밌어해요
아동만화,설민석의 한국사 대모험 21,2022-07-16,4,좋아요좋아요좋아요좋아요
아동만화,설민석의 한국사 대모험 21,2022-07-16,4,늘 만족합니다^^ 추천드려요~
아동만화,설민석의 한국사 대모험 21,2022-07-16,4,항상 재미있게 봅니다.
아동만화,설민석의 한국사 대모험 21,2022-07-15,4,아이가 재미있어해요.
아동만화,설민석의 한국사 대모험 21,2022-07-15,4,애들이 읽기 좋아요~
아동만화,설민석의 한국사 대모험 21,2022-07-14,4,보고또보고 좋아해요
아동만화,설민석의 한국사 대모험 21,2022-07-14,4,아이가 좋아해서 계속 구매중
아동만화,설민석의 한국사 대모험 21,2022-07-13,4,재밌고 유익해요 기다렸다 삽니다
아동만화,설민석의 한국사 대모험 21,2022-07-12,4,"아이가 기다리던 한국사 13권, 금방 다 읽어버리네요ㅎ"
아동만화,설민석의 한국사 대모험 21,2022-07-12,4,세계사와 더불어 신권이 출간 될 때마다 구입해서 읽고 있어요 초등4학년 딸도 중1 아들도 재미있게 읽어요
아동만화,설민석의 한국사 대모험 21,2022-07-12,4,아이가 다음권 나오기만 기다리고있어요~
아동만화,설민석의 한국사 대모험 21,2022-07-12,4,아이가 좋아해서 낱권으로 한권씩 모으고 있어요ㅎ
아동만화,설민석의 한국사 대모험 21,2022-07-12,4,딸아이가 좋아해요 술술 잘 읽히네요
아동만화,설민석의 한국사 대모험 21,2022-07-11,4,아이가 너무 좋아하는 책이에요
아동만화,설민석의 한국사 대모험 21,2022-07-10,4,초등학생 베스트도서
아동만화,설민석의 한국사 대모험 21,2022-07-09,4,계속 기다렸어요. 여아가 한국사에 관심 갖고 재밌게 읽고 있어요.
아동만화,설민석의 한국사 대모험 21,2022-07-09,4,설민석의 한국사 대모험 21 온달편 재미있고 유익해요
아동만화,설민석의 한국사 대모험 21,2022-07-09,4,즐겨읽는 시리즈책이에요
아동만화,설민석의 한국사 대모험 21,2022-07-09,4,잘 읽고 있습니다~^^
아동만화,설민석의 한국사 대모험 21,2022-07-09,4,애들이 가장 재미있어하는 역사책
아동만화,설민석의 한국사 대모험 21,2022-07-08,3,설민석샘 책은 너무 재미 있어 하네요 보고 또 보고 해요
아동만화,설민석의 한국사 대모험 21,2022-07-07,4,아이가 설민석 한국사에 꽂혀서 수시로 읽고있고 쉽게 역사를 접할수있어요.
아동만화,설민석의 한국사 대모험 21,2022-07-07,4,아이가 계속 사달라고 해서 보고 있는 책이에요
아동만화,설민석의 한국사 대모험 21,2022-07-07,4,만화로 역사를 쉽게 접할수 있어 좋은거 같아요
아동만화,설민석의 한국사 대모험 21,2022-07-05,4,아이가 그다지 흥미있어 하진 않아요
아동만화,설민석의 한국사 대모험 21,2022-07-05,4,재미있게 잘 보고있습니다.
아동만화,설민석의 한국사 대모험 21,2022-07-05,4,재미있게 역사 공부 하고 있어요
아동만화,설민석의 한국사 대모험 21,2022-07-05,4,초5 아들이 제일 찾아있는 좋아하는 책이에요. 역사에 많은 관심을 갖게하고 재미있게 읽을수 있어요
아동만화,설민석의 한국사 대모험 21,2022-07-04,4,한국사에 조금씩 관심을 갖는 중입니다
아동만화,설민석의 한국사 대모험 21,2022-07-04,4,잘읽고있습니다....
아동만화,설민석의 한국사 대모험 21,2022-07-03,4,설쌤 한국사책 신간 나오면 바로 바로 구매합니다^^ 아이들이 좋아해요!!!
아동만화,설민석의 한국사 대모험 21,2022-07-03,4,아이가 역사를 어려워하지 않고 재밌어해요
아동만화,설민석의 한국사 대모험 21,2022-07-03,3,아이들이 역사이야기를 잘 읽어서 사줬어요
아동만화,설민석의 한국사 대모험 21,2022-07-03,4,아이가 좋아하네요~
아동만화,설민석의 한국사 대모험 21,2022-07-03,4,아이가 늘 기다리는 책이에요 신간 나오자마자 주문했네요
아동만화,설민석의 한국사 대모험 21,2022-07-02,4,아이가 좋아해여..
아동만화,설민석의 한국사 대모험 21,2022-07-01,4,아이가 기다리는 시리즈 중 하나에요
아동만화,설민석의 한국사 대모험 21,2022-07-01,4,"매 권 나올때마다 구매중입니다.
아이들이 정말 재미있게 봅니다.
한국사 대모험 책을 읽기 시작하면서
저보다 한국사에 대해 더 많이 알고 있어요"
아동만화,설민석의 한국사 대모험 21,2022-07-01,4,아이가 좋아하니 계속 사게 되네요
아동만화,설민석의 한국사 대모험 21,2022-06-30,4,아이가 좋아해서 시리즈로 구매중입니다.
아동만화,설민석의 한국사 대모험 21,2022-06-30,4,잘 읽고 있어요 다음편 기대합니다
아동만화,설민석의 한국사 대모험 21,2022-06-30,4,아이들이 너무 재미있어하고 매일매일 읽어요~쉽게 한국사를 배울수 있어서 좋아요
아동만화,설민석의 한국사 대모험 21,2022-06-29,4,늘 잘 읽는 아이 위해 사주게 되네요 책이 너무 많아져서 캐럿에 정리 좀 하고 싶어요ㅠ
아동만화,설민석의 한국사 대모험 21,2022-06-29,4,조카 선물입니다 좋아해요
아동만화,설민석의 한국사 대모험 21,2022-06-29,3,아이가 재밌게 잘 읽었다고 하네요~
아동만화,설민석의 한국사 대모험 21,2022-06-29,4,재미있게 역사를 읽을 수 있어 좋아요
아동만화,설민석의 한국사 대모험 21,2022-06-28,4,엄빠도 함께 보는 학습만화. 이건 정말 소장해야해요.
아동만화,설민석의 한국사 대모험 21,2022-06-27,4,추천받았습니다^^ 좋아요
아동만화,설민석의 한국사 대모험 21,2022-06-26,4,아이들이 너무 좋아합니다
아동만화,설민석의 한국사 대모험 21,2022-06-26,4,아이가 너무 좋아해요
아동만화,설민석의 한국사 대모험 21,2022-06-25,4,어려운 역사를 재미있게 접하게 해주셔서 감사해요
아동만화,설민석의 한국사 대모험 21,2022-06-25,4,아이들이 좋아해요.
아동만화,설민석의 한국사 대모험 21,2022-06-25,4,배송 빠르게 잘 받았어요
아동만화,설민석의 한국사 대모험 21,2022-06-23,4,"어린이들이 기다려지는 책이며, 한국사를 이해할 수 있는 유용한 책입니다."
아동만화,설민석의 한국사 대모험 21,2022-06-22,4,늘기다려지는 시리즈지요
아동만화,설민석의 한국사 대모험 21,2022-06-22,4,ndkdla kakfj dkakkf dkajkfjf
아동만화,설민석의 한국사 대모험 21,2022-06-22,4,아이가 좋아합니다.
아동만화,설민석의 한국사 대모험 21,2022-06-22,4,아이가 좋아합니다.
아동만화,설민석의 한국사 대모험 21,2022-06-21,4,새로 나외서 구매했어요 좋아하네요
아동만화,설민석의 한국사 대모험 21,2022-06-20,4,갑자기 확 다른 이야기.. 약간 황당했지만 아이들은 잘 읽었습니다.
아동만화,설민석의 한국사 대모험 21,2022-06-20,4,아이가 너무 너무 좋아합니다.
아동만화,설민석의 한국사 대모험 21,2022-06-19,4,초등등학생들에게 유용한 책입니다 좋아요
아동만화,설민석의 한국사 대모험 21,2022-06-18,4,아이가 꼭 챙겨 읽고 있는 책이에요..
아동만화,설민석의 한국사 대모험 21,2022-06-17,4,아이가 좋아해요~~ 설쌤의 팬입니다!!!
아동만화,설민석의 한국사 대모험 21,2022-06-17,4,좋아요~~항상기다려요
아동만화,설민석의 한국사 대모험 21,2022-06-16,4,기다리던 책이 나와서 좋아하네요
아동만화,설민석의 한국사 대모험 21,2022-06-16,4,아이들이 좋아하는 책이라 신간이 나올때마다 구입해주고 있어요. 재미있게 역사를 배울수 있어서 좋아요
아동만화,설민석의 한국사 대모험 21,2022-06-16,4,21권째 구매하고 반복해서 읽습니다 재밌는 구성으로 좋은감정으로 역사를 대하는 태도를 배웁니다
아동만화,설민석의 한국사 대모험 21,2022-06-15,4,아이가 좋아하는 도서라 신간 나올때마다 구매한답니다.
아동만화,설민석의 한국사 대모험 21,2022-06-15,4,완결이 어디인가요 !! 아이가 매번 기다려서 단권으로 시작해서 전집이 되어가는중이네요 점점 역사적 사실과 스토리가 가벼워지는 느낌은 저만 받나요 ???
아동만화,설민석의 한국사 대모험 21,2022-06-15,4,설민석의 한국사 재미있어요
아동만화,설민석의 한국사 대모험 21,2022-06-15,4,아이가 워낙 좋아하는 책입니다.
아동만화,설민석의 한국사 대모험 21,2022-06-14,3,의~~~리 ~!! 언제 까지 나올까요? 좀더 내용이 충실해지길 바랍니다
아동만화,설민석의 한국사 대모험 21,2022-06-14,4,아이가 너무 좋아해요.
아동만화,설민석의 한국사 대모험 21,2022-06-14,4,새로운 권이 나올때마다 삽니다. 그림에서도 온달이 많이 컸네요~
아동만화,설민석의 한국사 대모험 21,2022-06-13,4,항상 믿고 구매하는책~~
아동만화,설민석의 한국사 대모험 21,2022-06-13,4,새책 구입한지 일주일도 안지났는데 둥이녀석들이 번갈아가며 쉴새없이 봐서 책이 헌책이 되었어요^^ 설민석 시리즈중 제일 재미있게 보네요
아동만화,설민석의 한국사 대모험 21,2022-06-12,4,매번 재밌게 한국 역사에 대해 알아갑니다.
아동만화,설민석의 한국사 대모험 21,2022-06-11,4,아이가 너무 좋아하네요.
아동만화,설민석의 한국사 대모험 21,2022-06-11,4,재미나요. 배송도 빠르고 좋아요.
아동만화,설민석의 한국사 대모험 21,2022-06-11,4,설민석의 한국사 대모혐 쉽게 설명을 잘해놓았다.
아동만화,설민석의 한국사 대모험 21,2022-06-11,4,좋아여 너무 좋아해요
아동만화,설민석의 한국사 대모험 21,2022-06-10,4,아이들이 가장 좋아하는 책이라 늘 구입합니다
아동만화,설민석의 한국사 대모험 21,2022-06-10,4,아이가 너무 재미있어 합니다 시리즈 다 읽었어요
아동만화,설민석의 한국사 대모험 21,2022-06-09,4,한국사 대모험 21 재미있게 잘 읽었습니다.
아동만화,설민석의 한국사 대모험 21,2022-06-09,4,시리즈가 나오는데로 구입해서 보고있어요
아동만화,설민석의 한국사 대모험 21,2022-06-08,4,저희집 애들이 많이 기다리고 기다렸던 책이네요 항상 챙겨보게되네요
아동만화,설민석의 한국사 대모험 21,2022-06-08,3,아이가 단숨에 읽어버리네요
아동만화,설민석의 한국사 대모험 21,2022-06-08,4,아이들이 좋아합니다. 중학생도
아동만화,설민석의 한국사 대모험 21,2022-06-08,4,아이들이 좋아합니다. 중학생도
아동만화,설민석의 한국사 대모험 21,2022-06-08,4,한국사 좋아요 재미있게 잘 읽어요
아동만화,설민석의 한국사 대모험 21,2022-06-08,4,아이가 한국사 좋아해서 샀어요
아동만화,설민석의 한국사 대모험 21,2022-06-07,4,추천합니다 재미있어요
아동만화,설민석의 한국사 대모험 21,2022-06-07,4,도착하자마자 신나게 읽네요
아동만화,설민석의 한국사 대모험 21,2022-06-07,3,다음권이 나오길 벌써부터 기다리네요. 아이가 흥미를 가지고 잘 읽어요
아동만화,설민석의 한국사 대모험 21,2022-06-07,4,아이가 설민석의 한국사를 기다리다 드디어 보게 되어서 좋아하네요. 잘 보고 있어요.
아동만화,설민석의 한국사 대모험 21,2022-06-07,4,아이가너무재미있게보고있어요
아동만화,설민석의 한국사 대모험 21,2022-06-06,4,설민석한국사대모험 시리즈를 읽고 아이가 한국사에 흥미를 가지게되었어요
아동만화,설민석의 한국사 대모험 21,2022-06-06,4,기다린 보람이 있어요~
아동만화,설민석의 한국사 대모험 21,2022-06-06,4,아이가 좋아해서 시리즈로 구매중입니다.
아동만화,설민석의 한국사 대모험 21,2022-06-05,4,아이들이 너무 좋아하는 시리즈에요! 새로 나왔다는 소리에 얼른 주문해주었어요 ^^
아동만화,설민석의 한국사 대모험 21,2022-06-05,4,아들이 설민석시리즈로 역사를 재밌게 배워요 권당 10번씩은 읽은거 같아요 그래서 그런지 궁궐 해설사 선생님 질문에 답도하고 초2인데 역사에 흥미가 많아요 초등생들에게 적극추천합니다 만화책도 여러번 읽으면 유익하답니다 역사나 과학과 같이 자칫 지루할 수 있는 내용을 이렇게 재밌고 유익하게 구성된 책이 있어서 감사합니다
아동만화,설민석의 한국사 대모험 21,2022-06-05,4,아이가 새책 나올때마다 사라고해요 재밌다고 잘 읽으니 좋네요
아동만화,설민석의 한국사 대모험 21,2022-06-04,4,기다렸다가 보는 책이예요.
아동만화,설민석의 한국사 대모험 21,2022-06-04,4,아이가 좋아하는책입니다
아동만화,설민석의 한국사 대모험 21,2022-06-04,4,초등 애들이 너무 좋아해서 신간 나올때를 기다려요.
아동만화,설민석의 한국사 대모험 21,2022-06-03,4,"어렵게만 생각하던 한국사를 설민석 선생님의 한국사대모험으로 재미를 붙이고 흥미를 가지는 초등 아들을 보니 너무 흐뭇합니다. 만화로 한국사를 재미있게 접하다보니, 학교 사회시간에 본인이 아는 역사 지식이 나오니 사회시간이 기다려지나봐요 ㅎ"
아동만화,설민석의 한국사 대모험 21,2022-06-03,4,"책읽기를 싫어하는 아들인데, 설민석선생님의 한국사대모험은 출간되기전부터 사달라고 조르네요.한국사가 지루하지 않고, 놀이하듯 접하게 되어 아이들에게 재미있는 모험의 세계로 인도하는듯 합니다.21권 온단열전편 역쉬 기대를 저버리지 않는 흥미를 주는 책입니다.벌써 22권을 기다리게 되네요~"
아동만화,설민석의 한국사 대모험 21,2022-06-03,3,아이가 재미있게 보고 있어요
아동만화,설민석의 한국사 대모험 21,2022-06-03,4,잼있어요.시리즈다사고싶어요
아동만화,설민석의 한국사 대모험 21,2022-06-02,4,아주 유익해요!!!!!!!
아동만화,설민석의 한국사 대모험 21,2022-06-02,4,아들이 좋아해요 즐겨읽어요
아동만화,설민석의 한국사 대모험 21,2022-06-02,4,역사를 재밌게 공부할수 있어 좋아요
아동만화,설민석의 한국사 대모험 21,2022-05-31,3,아이들이 너무 좋아해요.
아동만화,설민석의 한국사 대모험 21,2022-05-31,4,꾸준히 나오면 구매해서 읽히는데 재밌다고합니다
아동만화,설민석의 한국사 대모험 21,2022-05-31,4,나오자마자 샀네요.
아동만화,설민석의 한국사 대모험 21,2022-05-31,4,"초3, 초5 딸들 최애 책입니다. 신간 나올때마다 바로 주문해주고 있어요."
아동만화,설민석의 한국사 대모험 21,2022-05-31,4,우리집 막내의 최애 시리즈 중 하나
아동만화,설민석의 한국사 대모험 21,2022-05-30,4,아이가 매우 좋아해요
아동만화,설민석의 한국사 대모험 21,2022-05-30,4,1권부터 쭉 구매하고 있습니다.
아동만화,설민석의 한국사 대모험 21,2022-05-28,4,드디어 나왔다 기분좋아요
아동만화,설민석의 한국사 대모험 21,2022-05-27,4,설민석의 한국사 대모험이 책중에서 가장 재미있어서 샀어요. 근데 설쌤 아바타도 줘서 좋았어요. 빨리 22권이 나왔으면 좋겠어요. 정말 재미있어서 도서관에서 다른 권도 빌려 볼 거 에요
아동만화,Go Go 카카오프렌즈 25: 네덜란드,2022-09-07,4,아이가 늘 보는 시리즈~
아동만화,Go Go 카카오프렌즈 25: 네덜란드,2022-09-07,4,아이가 좋아하는 시리즈에요. 어느듯 25권이 나왔네요.
아동만화,Go Go 카카오프렌즈 25: 네덜란드,2022-09-06,4,애들이 좋아해서 신간이 나오면 바로 구매 하네요~~^^
아동만화,Go Go 카카오프렌즈 25: 네덜란드,2022-09-06,3,항상 재미있게 읽네요
아동만화,Go Go 카카오프렌즈 25: 네덜란드,2022-09-06,4,아이가 재미있게 보는 시리즈에요
아동만화,Go Go 카카오프렌즈 25: 네덜란드,2022-09-05,4,재미있게 잘 읽는 시리즈입니다
아동만화,Go Go 카카오프렌즈 25: 네덜란드,2022-09-05,4,아이들이 너무 좋아합니다~~~
아동만화,Go Go 카카오프렌즈 25: 네덜란드,2022-09-04,3,1권부터 25권까지 꾸준히 발간되면 사고 있어요 아이가 즐겁게 읽어요
아동만화,Go Go 카카오프렌즈 25: 네덜란드,2022-09-04,4,아이가 좋아해서 새로 나올 때마다 사서 읽고 있어요.
아동만화,Go Go 카카오프렌즈 25: 네덜란드,2022-09-03,4,25권부터 책 가격이 올랐네요 1권부터 쭉 재미있게 읽고 있어요
아동만화,Go Go 카카오프렌즈 25: 네덜란드,2022-09-02,4,아이가 세계문화역사에 대해 아주 빠삭해집니다
아동만화,Go Go 카카오프렌즈 25: 네덜란드,2022-09-01,4,매번 다음권을 기다리는 아이를 위해 구입했어요.
아동만화,Go Go 카카오프렌즈 25: 네덜란드,2022-08-31,4,Go Go 카카오프렌즈 25: 네덜란드
아동만화,Go Go 카카오프렌즈 25: 네덜란드,2022-08-31,4,재미있게 잘 읽었습니다.
아동만화,Go Go 카카오프렌즈 25: 네덜란드,2022-08-31,3,25권부터는 책 값이 갑자기 많이 올랐네요.
아동만화,Go Go 카카오프렌즈 25: 네덜란드,2022-08-31,4,아이가 좋아해요~~
아동만화,Go Go 카카오프렌즈 25: 네덜란드,2022-08-31,4,아이가 좋아하네요. 매번 읽어도 잼있나봐요.
아동만화,Go Go 카카오프렌즈 25: 네덜란드,2022-08-30,4,만화책은 이제 그만사주고 싶은데 고고카카오는 계속 사게되네요 ㅎㅎ
아동만화,Go Go 카카오프렌즈 25: 네덜란드,2022-08-30,4,아이들이 손꼽아 기다리는 책입니다
아동만화,Go Go 카카오프렌즈 25: 네덜란드,2022-08-30,4,아이가 늘 기다리던 책 입니다. 너무 재미있고 유익하다 하네요~ 얼른 다른 편이 나오길 기대하고 있습니다~
아동만화,Go Go 카카오프렌즈 25: 네덜란드,2022-08-30,4,매반 아이들이 기다리는 시리즈에요 이번에도 재밌게 잘 보고 있어요
아동만화,Go Go 카카오프렌즈 25: 네덜란드,2022-08-29,4,카카오프랜즈는 꼭 추천합니다~~
아동만화,Go Go 카카오프렌즈 25: 네덜란드,2022-08-29,4,아이가 늘 기다리는 시리즈에요 이번편도 너무 재미있게 읽었어요
아동만화,Go Go 카카오프렌즈 25: 네덜란드,2022-08-29,4,캐릭터가 귀엽다고합니다
아동만화,Go Go 카카오프렌즈 25: 네덜란드,2022-08-29,4,좋아요 좋아요 좋아요
아동만화,Go Go 카카오프렌즈 25: 네덜란드,2022-08-29,4,네덜란드에 대해 많이 알게 되어서 좋아요.
아동만화,Go Go 카카오프렌즈 25: 네덜란드,2022-08-29,4,아이들이기다리고 있었답니다^^
아동만화,Go Go 카카오프렌즈 25: 네덜란드,2022-08-28,4,항상 기다려지는 카카오프렌즈
아동만화,Go Go 카카오프렌즈 25: 네덜란드,2022-08-27,4,가볍게 세계문화를 알아갈 수 있어서 좋아요. 아이들이 좋아하는 고고 카카오프렌즈 벌써 25권째 구입했네요.
아동만화,Go Go 카카오프렌즈 25: 네덜란드,2022-08-27,4,나오자마자 바로 구입했어요~ 매번 기다리고 있는 책입니다~
아동만화,Go Go 카카오프렌즈 25: 네덜란드,2022-08-25,4,신간 많이 기다렸어요!!
아동만화,Go Go 카카오프렌즈 25: 네덜란드,2022-08-25,4,역사를 잘 알 수 있어요
아동만화,Go Go 카카오프렌즈 25: 네덜란드,2022-08-25,4,출간되자마자 보니 아주 좋아합니다 벌써 다음 이야기를 기다리네요
아동만화,Go Go 카카오프렌즈 25: 네덜란드,2022-08-25,4,아이들이 좋아해요.
아동만화,Go Go 카카오프렌즈 25: 네덜란드,2022-08-25,4,배송을 빨리 해주셔서 잘 받았어요!^^ 아이가 너무 좋아하네요!♡
아동만화,흔한남매의 흔한 호기심 6,2022-07-28,4,매일 흔한호기심만 읽어서 문제
아동만화,흔한남매의 흔한 호기심 6,2022-09-07,4,만화라서 재미있어요!
아동만화,흔한남매의 흔한 호기심 6,2022-09-05,3,"아이가좋아해서 사게되네요,,,"
아동만화,흔한남매의 흔한 호기심 6,2022-08-29,4,유일하게 동생이 모으는 책 ㅋㅋㅋ
아동만화,흔한남매의 흔한 호기심 6,2022-08-28,3,아이가 정말 재밌게 잘 읽고 있어요
아동만화,흔한남매의 흔한 호기심 6,2022-08-24,4,조카가 좋아해요.............
아동만화,흔한남매의 흔한 호기심 6,2022-08-24,4,아이가 좋아하는 책입니다.
아동만화,흔한남매의 흔한 호기심 6,2022-08-23,4,재미있게 읽었습니다.
아동만화,흔한남매의 흔한 호기심 6,2022-08-22,4,이렇게나 많은 호기심들이 있다니요
아동만화,흔한남매의 흔한 호기심 6,2022-08-21,4,아이가 너무 재밌어합니다~ 시리즈 다 사달라고 하네요^^
아동만화,흔한남매의 흔한 호기심 6,2022-08-19,4,흔한남매 책은 모두 재미있어 합니다!
아동만화,흔한남매의 흔한 호기심 6,2022-08-19,4,무심히 지나쳤던 것들의 원리를 재밌게 알려줘서 좋아요.
아동만화,흔한남매의 흔한 호기심 6,2022-08-17,4,아이들이 무척 좋아합니다.
아동만화,흔한남매의 흔한 호기심 6,2022-08-13,4,너무 재미있어요^^
아동만화,흔한남매의 흔한 호기심 6,2022-08-12,4,흔한 호기심 만화로 잼있게 풀었네요
아동만화,흔한남매의 흔한 호기심 6,2022-08-09,4,흔한남매 넘 잘 봐요^^
아동만화,흔한남매의 흔한 호기심 6,2022-08-09,4,흔한남매 흔한 호기심6 아이가 정말 좋아합니다
아동만화,흔한남매의 흔한 호기심 6,2022-08-09,4,애들이 재밌게 보네요.
아동만화,흔한남매의 흔한 호기심 6,2022-08-08,4,아이가 좋아할 만한 질문이 있어요.
아동만화,흔한남매의 흔한 호기심 6,2022-08-08,4,재밌게 잘보고있어요~^^
아동만화,흔한남매의 흔한 호기심 6,2022-08-07,4,"아이가 재밌어 해서 샀어요. 유튜브로도 많이 보는데, 만화책도 재밌는지 여러번 보네요."
아동만화,흔한남매의 흔한 호기심 6,2022-08-05,4,말해모해요 ㅋㅋㅋㅋ
아동만화,흔한남매의 흔한 호기심 6,2022-08-04,4,꾸준히 구입하게 되는 흔한남매 시리즈
아동만화,흔한남매의 흔한 호기심 6,2022-08-03,4,시리즈별로 사주게 되네요.
아동만화,흔한남매의 흔한 호기심 6,2022-08-01,4,흔한남매 좋아하는 아이들에겐 최고의 선물
아동만화,흔한남매의 흔한 호기심 6,2022-08-01,4,아이가 좋아하는 만화책~ 내용이 유용해서 좋네요^^
아동만화,흔한남매의 흔한 호기심 6,2022-07-29,4,아이들이 좋아해요 계속 구매 예정입니다
아동만화,흔한남매의 흔한 호기심 6,2022-07-29,4,애들이 너무 좋아하는 시리즈예요 ㅋㅋ
아동만화,흔한남매의 흔한 호기심 6,2022-07-24,4,아들이 넘 좋아하는 책이에요 과학내용이라서 도움도 됩니다
아동만화,흔한남매의 흔한 호기심 6,2022-07-23,4,아이가 좋아하는 책이라 꾸준히 구매중입니다.
아동만화,흔한남매의 흔한 호기심 6,2022-07-21,4,아이들이 좋아해요.
아동만화,흔한남매의 흔한 호기심 6,2022-07-20,4,쉽고 재미있게 잘 읽히고 과학 공부가 잘 됩니다
아동만화,흔한남매의 흔한 호기심 6,2022-07-20,4,내용이 재미있어요 유쾌함
아동만화,흔한남매의 흔한 호기심 6,2022-07-19,4,아이들이 언제나 즐겨보는 흔한남매네요^^;;
아동만화,흔한남매의 흔한 호기심 6,2022-07-19,4,나올때마다 다사는 흔한남매 시리즈~! 내용도 좋아요! 재미삼아보기 좋아요
아동만화,흔한남매의 흔한 호기심 6,2022-07-17,4,배송이 빨라서 좋아요
아동만화,흔한남매의 흔한 호기심 6,2022-07-15,4,즐겁게 읽을 수 있고 아이가 좋아합니다. 굿입니다 굿굿
아동만화,흔한남매의 흔한 호기심 6,2022-07-15,4,책 잘 봤어요 책 잘 봤어요
아동만화,흔한남매의 흔한 호기심 6,2022-07-14,4,아들이 원해서 사주고 있는데 이제 그만 나왔으면 좋겠어요... 시리즈가 넘 많아요
아동만화,흔한남매의 흔한 호기심 6,2022-07-14,4,딸아이가 좋아해요 잘 읽어요
아동만화,흔한남매의 흔한 호기심 6,2022-07-12,4,출간되면 바로 구입해서 읽고 또 읽는 책이에요.
아동만화,흔한남매의 흔한 호기심 6,2022-07-10,4,아이들이 재이있게 잘 읽어요.
아동만화,흔한남매의 흔한 호기심 6,2022-07-08,4,아이가 좋아하네요~~
아동만화,흔한남매의 흔한 호기심 6,2022-07-05,4,5권까지 읽고 6권기다리고 있었네요. 잘 읽어요
아동만화,흔한남매의 흔한 호기심 6,2022-07-05,4,아이들이재미있어합니다
아동만화,흔한남매의 흔한 호기심 6,2022-07-05,4,아이가 너무너무 좋아하네요~^^
아동만화,흔한남매의 흔한 호기심 6,2022-07-04,4,그나마 도움되는 내용들..
아동만화,흔한남매의 흔한 호기심 6,2022-07-04,4,과학상식도 함께 알수있는 흔한남매시리즈 좋아요
아동만화,흔한남매의 흔한 호기심 6,2022-07-03,4,아이들이 항상 좋아하고 잘 읽는 흔한남매 호기심이에요.
아동만화,흔한남매의 흔한 호기심 6,2022-07-03,4,시리즈로 구매하고 있어요.
아동만화,흔한남매의 흔한 호기심 6,2022-07-02,4,아이가 정말 좋아해요 잘 읽어요
아동만화,흔한남매의 흔한 호기심 6,2022-06-29,4,아이가 늘 기다려서 사는 책 시리즈에요 ㅎㅎ
아동만화,흔한남매의 흔한 호기심 6,2022-06-26,4,아이 스트레스 해소용으로 간간히 나올때마다 꼭 사주는 책
아동만화,흔한남매의 흔한 호기심 6,2022-06-25,2,이제 그만 나왔으면...
아동만화,흔한남매의 흔한 호기심 6,2022-06-25,4,아이가 좋아하는 시리즈라서 나오면 꼭 구매해요
아동만화,흔한남매의 흔한 호기심 6,2022-06-24,4,재밌습니다 추천해요!
아동만화,흔한남매의 흔한 호기심 6,2022-06-24,4,흔한 남매 시리즈라면 너무나 좋아해서
아동만화,흔한남매의 흔한 호기심 6,2022-06-23,4,흔한남매 시리즈는 다 좋은것 같아요~
아동만화,흔한남매의 흔한 호기심 6,2022-06-23,4,아이들이 좋아하는 흔한남매 :)
아동만화,흔한남매의 흔한 호기심 6,2022-06-22,4,아이가 좋아해요 추천해요
아동만화,흔한남매의 흔한 호기심 6,2022-06-22,4,아이가 좋아하는 시리즈 입니다
아동만화,흔한남매의 흔한 호기심 6,2022-06-21,4,너무너무 재밌게 봤어요!
아동만화,흔한남매의 흔한 호기심 6,2022-06-20,4,아이가 정말 재밌어합니다 추천드려요 ㅎㅎ
아동만화,흔한남매의 흔한 호기심 6,2022-06-20,4,아이의 최애 책이예요
아동만화,흔한남매의 흔한 호기심 6,2022-06-18,4,호기심 시리즈는 기대를 져버리지 않네요
아동만화,흔한남매의 흔한 호기심 6,2022-06-17,4,아이들이 이 책 읽고 빵 터집니다.
아동만화,흔한남매의 흔한 호기심 6,2022-06-17,3,아이가 재미있게 읽네요
아동만화,흔한남매의 흔한 호기심 6,2022-06-17,4,아이의 기쁨입니다.
아동만화,흔한남매의 흔한 호기심 6,2022-06-16,4,호기심 7번도 기다립니다
아동만화,흔한남매의 흔한 호기심 6,2022-06-15,4,두 아이들이 잘 읽고 있습니다.
아동만화,흔한남매의 흔한 호기심 6,2022-06-15,4,흔한남매의 흔한 호기심 재미있어요
아동만화,흔한남매의 흔한 호기심 6,2022-06-15,4,항상 재밌게 읽고 있습니다
아동만화,흔한남매의 흔한 호기심 6,2022-06-14,4,정말 기다렸어요.. 흔한호기심 책은 부모가 읽어도 유용한 내용이거든요. 1권부터 빠지지않고 구매해서 보는데 좋은 내용이라서 나올시기가 대충 되면 제가 먼저 계속 언제 출간되나 찾아본답니다.. 이제 6권 신나게 읽고 또 읽고 하다보면 7권도 나오겠지요~?! 호기심 풀어주는 이야기를 재밌게 다뤄주셔서 감사합니다!
아동만화,흔한남매의 흔한 호기심 6,2022-06-13,4,역시 아이가 좋아합니다. 배송이 무척 빨라서 놀랐어요
아동만화,흔한남매의 흔한 호기심 6,2022-06-13,4,초2여아가 흔한남매 왕팬입니다
아동만화,흔한남매의 흔한 호기심 6,2022-06-12,4,초등여아가 좋아합니다.
아동만화,흔한남매의 흔한 호기심 6,2022-06-12,3,아이가 잘보고 있어요
아동만화,흔한남매의 흔한 호기심 6,2022-06-12,4,초등 아이들이 좋아할 내용이라 새 책 나오자마자 주문했어요
아동만화,흔한남매의 흔한 호기심 6,2022-06-11,4,재미있다고 1권부터 꾸준히 잘 읽고 있습니다
아동만화,흔한남매의 흔한 호기심 6,2022-06-11,3,빼놓지 않고 구매하고 있어요. 아이가 좋아해요.
아동만화,흔한남매의 흔한 호기심 6,2022-06-11,4,재미있게 잘 읽었습니다.
아동만화,흔한남매의 흔한 호기심 6,2022-06-10,4,애들이 기다리던 책이 드디어 도착했네요~~^^ 간만에 아빠가 인기 좀 얻었어요. .ㅎ
아동만화,흔한남매의 흔한 호기심 6,2022-06-10,4,아이가 흔남에 푹 빠져있어요^^
아동만화,흔한남매의 흔한 호기심 6,2022-06-10,4,아이가 재있어해요....
아동만화,흔한남매의 흔한 호기심 6,2022-06-10,4,흔한남매 모든 시리즈는 기다렸다가 꼭 구매해요
아동만화,흔한남매의 흔한 호기심 6,2022-06-10,4,아이들이 좋아해서 시리즈로 구매하고 있어요.
아동만화,흔한남매의 흔한 호기심 6,2022-06-10,4,1권부터 차근차근 읽어오면서 아이가 너무좋아해요ㅋㅋ흔한남매책만 몇권이있는지ㅠ
아동만화,흔한남매의 흔한 호기심 6,2022-06-10,4,"역시나 흔남!
받자마자 완독하고 또 읽고 또읽고
유용한 내용들이 너무 많아서 감사합니다."
아동만화,흔한남매의 흔한 호기심 6,2022-06-10,4,아이가 재밌게 읽어요 어른이 봐도 유익해요ㅎ
아동만화,흔한남매의 흔한 호기심 6,2022-06-09,4,내용이 재미있는지 웃으면서 읽어요.
아동만화,흔한남매의 흔한 호기심 6,2022-06-09,4,오늘 받자마자 벌써 다 읽었어요 유용한 정보가 많아요
아동만화,흔한남매의 흔한 호기심 6,2022-06-09,4,오늘 받았는데 아이가 재밌게 읽네요!^^
아동만화,흔한남매의 흔한 호기심 6,2022-06-09,4,기대하고 있어요..
아동만화,딸랑 예술학교 2,2022-08-30,4,딸예 기다렸어요❤ 3권도 빨리 나오길 바라면서....ㅋㅋㅋㅋㅋ 너무너무 재미 있어요❤
아동만화,딸랑 예술학교 2,2022-08-21,4,몇 번을 읽는지... 너무 재미있나봐요. 며칠째 다른 책은 쳐다도 안 보고 이것만 읽어요. 그래서 살짝 사 준거 후회도 되고.. 빨리 3권 나와 주세요^^
아동만화,딸랑 예술학교 2,2022-08-20,4,"1권도 사고 읽고 또 읽고 했는데, 2권도 아주 재밌다고 하네요. 아이들이 참 좋아해요"
아동만화,딸랑 예술학교 2,2022-07-31,4,한번읽고 두번읽고 지겨워하지않고 잘 읽습니다ㅋ
아동만화,딸랑 예술학교 2,2022-07-12,4,아이가좋아하는.책입니다
아동만화,딸랑 예술학교 2,2022-07-12,4,딸아이가 엄청 좋아해요
아동만화,딸랑 예술학교 2,2022-07-06,4,배송은 조금늦은듯 하지만 포장도 꼼꼼히 잘해주시고 감사히 잘받았습니다
아동만화,흔한남매 오해요,2022-06-14,4,"모든 흔한남매 책을 꾸준히 사고 있는데 단순히 아이가 좋아하니까 , 흔한남매때문이니까 책을 사야지.. 가 아니고 아이가 읽으면 좋을 배울만한 스토리가 있어서 부모가 먼저 사줄수 있게 내용을 앞으로도 잘 다뤄주셨으면 해요!"
아동만화,흔한남매 오해요,2022-03-18,4,흔한남매 시리즈는 실패한적이 없어요
아동만화,흔한남매 오해요,2022-03-07,4,"아이도, 어른도, 어르신도 술술 읽히는 흔남♡
나도 모르게 피식 웃으며 금새 정독하게 됩니다.
아이가 너무 좋아 해서 사줬는데 눈깜짝 할 사이에 다 읽었네요~"
아동만화,흔한남매 오해요,2022-09-08,4,아이가 즐겨 보고 있어요~
아동만화,흔한남매 오해요,2022-09-04,4,흔한남매 팬이라 너무좋아하네요
아동만화,흔한남매 오해요,2022-08-20,4,아이랑 친구들이 재밌게 보네요
아동만화,흔한남매 오해요,2022-08-19,4,아이가 너무 좋아해요
아동만화,흔한남매 오해요,2022-08-18,4,아이가 흔한남매 유튜브에서 '오해요'를 보고 재미있을 것 같아 구매했는데 너무 기발하고 웃겨요.
아동만화,흔한남매 오해요,2022-08-18,4,재밌습니다. 좀 말장난 같은 내용도 많지만 가볍게 그리고 재밌게 읽어집니다.
아동만화,흔한남매 오해요,2022-08-17,4,재미삼아 읽으며 잘 웃네요 재밌나봐요
아동만화,흔한남매 오해요,2022-08-16,4,아이가 흔한남매시리즈 다 좋아해요
아동만화,흔한남매 오해요,2022-08-15,4,배송이 빨라서 좋아요
아동만화,흔한남매 오해요,2022-08-13,4,아이들이 정말 좋아하는 도서로 영상보다 교육적입니다.
아동만화,흔한남매 오해요,2022-08-12,4,흔한남매 관련 시리즈도 좋아요
아동만화,흔한남매 오해요,2022-08-10,4,역시 흔한남매 책은 아이가 잘 봐요 몇번씩 읽어요
아동만화,흔한남매 오해요,2022-08-09,4,웃기고 잼있고 읽으면 신난다고해요 ^^
아동만화,흔한남매 오해요,2022-08-07,4,아이들이 읽기에 너무 좋네요~~^^
아동만화,흔한남매 오해요,2022-07-27,4,아이가 하루만에 다 읽을 정도로 좋아해요
아동만화,흔한남매 오해요,2022-07-26,4,재미있는 에피소드를 통해 동음이의어를 배울 수 있는 책이네요^^
아동만화,흔한남매 오해요,2022-07-20,4,애가 재밌어해요 좋아요
아동만화,흔한남매 오해요,2022-07-19,4,쉽고 재밌게 볼 수 있어서 좋아요~ 아이가 정말 좋아하네요^^
아동만화,흔한남매 오해요,2022-07-18,4,재미있게 의미있게 잘 읽었습니다
아동만화,흔한남매 오해요,2022-07-16,4,흔한남매 모든책이 다 재밌고 아이들이 흥미를 갖고 책을 계속 읽을수 있게 도와주네요^^
아동만화,흔한남매 오해요,2022-07-08,4,딸이 아주 재밌게 읽었어요ㅎㅎ
아동만화,흔한남매 오해요,2022-06-27,4,아이가 너무 재미있어해요~^^
아동만화,흔한남매 오해요,2022-06-24,4,초등학생 아들래미가 아주 좋아 하는 유머 코드
아동만화,흔한남매 오해요,2022-06-19,4,흔한남매시리즈를 너무 좋아해서 이책도 잘읽었어요
아동만화,흔한남매 오해요,2022-06-18,4,아이가 재미있게 잘 읽습니다.
아동만화,흔한남매 오해요,2022-06-15,4,아이가 참 좋아해요
아동만화,흔한남매 오해요,2022-06-14,4,유용하고 쓸만한 책 입니다~
아동만화,흔한남매 오해요,2022-06-14,4,아이들이 오해요 오해오해요 하며 좋아합니다ㅎ
아동만화,흔한남매 오해요,2022-06-14,4,흔한남매 신간이 나올 때마다 사야 해서 힘들지만...아이들은 좋아합니다
아동만화,흔한남매 오해요,2022-06-05,3,아이가 너무너무 좋아해요~ ^^ 끝이 없네요~...
아동만화,흔한남매 오해요,2022-06-04,4,아들이너무좋아해서샀어요
아동만화,흔한남매 오해요,2022-06-03,4,흔한남매 좋아하는 아이들에겐 최고의 선물
아동만화,흔한남매 오해요,2022-06-01,4,재밌게 잘 봤습니다
아동만화,흔한남매 오해요,2022-05-31,4,아이가 너무 재밌어 하는 책이예요.
아동만화,흔한남매 오해요,2022-05-30,4,초4도 초1도 아주 재밌어하며 읽네요
아동만화,흔한남매 오해요,2022-05-29,3,아이들이 좋아하는 흔한남매 시리즈!!! 재미있게 읽어요.
아동만화,흔한남매 오해요,2022-05-28,4,아이가 유일하게 웃으며 키득거리며 읽는책이네요ㅎ 외동에다가 바깥 활동이 적은때라 책속에서 간접 경험이라도 하라고 자주 사줘요
아동만화,흔한남매 오해요,2022-05-26,4,초2아들 재미있게 잘 읽네요
아동만화,흔한남매 오해요,2022-05-26,4,흔한남매 책들 다 재밌어요
아동만화,흔한남매 오해요,2022-05-26,4,아이가 쉽고 즐겁게 잘 읽어요
아동만화,흔한남매 오해요,2022-05-24,4,친구아이 여자아이 생일선물로 보냈더니 좋아합니다.
아동만화,흔한남매 오해요,2022-05-24,4,흔한남매 오해요. 좋아라 합니다.
아동만화,흔한남매 오해요,2022-05-23,4,재미있어서 아이가 좋아해요!
아동만화,흔한남매 오해요,2022-05-21,4,어린이날 선물로 줬는데 넘넘 좋아합니다.
아동만화,흔한남매 오해요,2022-05-16,4,흔한남매 시리즈는 다 웃기고 재미있어요
아동만화,흔한남매 오해요,2022-05-16,4,아이가 좋아해요~^^
아동만화,흔한남매 오해요,2022-05-14,4,9살 아들이 깔깔거리면서 넘어가네요~~
아동만화,흔한남매 오해요,2022-05-13,4,흔한남매의 아재개그버전
아동만화,흔한남매 오해요,2022-05-12,4,너무 재밌어 하는 흔한남매 책^^
아동만화,흔한남매 오해요,2022-05-12,4,조카 어린이날 선물입니다 사은품구매도 좋아요
아동만화,흔한남매 오해요,2022-05-09,4,아이가 좋아하는 책이라 구매했어요
아동만화,흔한남매 오해요,2022-05-08,4,아이가 좋아해요! 잘보고있어요 ㅎ
아동만화,흔한남매 오해요,2022-05-06,4,아이가 너무 좋아합니다
아동만화,흔한남매 오해요,2022-05-05,4,재미있어요 어린이날 선물로 좋아요
아동만화,흔한남매 오해요,2022-05-02,4,아이가 좋아해요 웃긴책도 읽어야죠
아동만화,흔한남매 오해요,2022-04-30,4,재미있게 자주 보는 책~
아동만화,흔한남매 오해요,2022-04-29,4,아이가 시리즈를 다 좋아하네요
아동만화,흔한남매 오해요,2022-04-28,4,아이가 아주 좋아합니다
아동만화,흔한남매 오해요,2022-04-28,4,"초등학교 남자친구에게 선물했습니다
재밌다고 하네요"
아동만화,흔한남매 오해요,2022-04-28,4,시리즈마다 다 재미있어요
아동만화,흔한남매 오해요,2022-04-27,4,아들이 너무 좋아해요
아동만화,흔한남매 오해요,2022-04-26,4,너무 재미있어영...ㅋㅋㅋ
아동만화,흔한남매 오해요,2022-04-25,4,이제 흔한남매 그만 사야지 하다가 새 권 나오면 무조건 사는ㅠㅠ
아동만화,흔한남매 오해요,2022-04-24,4,아이가 좋아해요..
아동만화,흔한남매 오해요,2022-04-20,4,10분만에 다 읽습니다! 너무 재미있다며 2권 나오면 사달라 예약하네요.
아동만화,흔한남매 오해요,2022-04-17,4,역시나 기대만큼 어린이가 무지좋아하고 잘읽습니다!!
아동만화,흔한남매 오해요,2022-04-09,4,좋아요 재미있게 보았어요
아동만화,흔한남매 오해요,2022-04-08,4,중딩 동생 최애책 ㅋㅋㅋ
아동만화,흔한남매 오해요,2022-04-07,4,아이가 너무 좋아해요
아동만화,흔한남매 오해요,2022-04-06,4,유튜브로 본 내용이지만 만화로 읽어도 재밌나봐요.
아동만화,흔한남매 오해요,2022-04-06,4,아이가 제일 갖고싶다고해서 구매해줬더니 엄청 좋아합니다
아동만화,흔한남매 오해요,2022-04-04,4,잘 보고 있습니다~^^
아동만화,흔한남매 오해요,2022-04-04,4,딸아이가 너무 좋아해요
아동만화,흔한남매 오해요,2022-04-03,4,초등 여아가 좋아합니다.
아동만화,흔한남매 오해요,2022-04-03,4,아이가 재밌게 잘봐요
아동만화,흔한남매 오해요,2022-04-02,4,조금 내용이 짧아서 아쉬워요
아동만화,흔한남매 오해요,2022-04-01,4,오해요~~~ 오해오해임
아동만화,흔한남매 오해요,2022-03-31,4,아이가 좋아합니다 흔한남매 책수집 하네요.
아동만화,흔한남매 오해요,2022-03-29,4,재밌어요 ㅋㅋ애들이랑 같이보면서 웃어요 ㅎ
아동만화,흔한남매 오해요,2022-03-28,4,아이가 좋아해요 흔남시리즈 끝이없네요 ㅜ
아동만화,흔한남매 오해요,2022-03-28,4,"조카 선물로 사준 책인데, 완전 재밌고 웃겨요 ㅋㅋㅋ 책에 나온 내용을 저한테 퀴즈로 ... 읽지 않았는데도 다 읽은 듯한 책입니다"
아동만화,흔한남매 오해요,2022-03-26,2,웃겨요~ 흔한남매는 웃겨요
아동만화,흔한남매 오해요,2022-03-25,4,초등학생 아이가 좋아합니다.
아동만화,흔한남매 오해요,2022-03-25,4,역시 최고의 책입니다.
아동만화,흔한남매 오해요,2022-03-25,4,초등학생이 좋아하는 책이에요.
아동만화,흔한남매 오해요,2022-03-23,4,재밌을거같아서 샀어요
아동만화,흔한남매 오해요,2022-03-23,4,늘흔한남매는소장각이죠
아동만화,흔한남매 오해요,2022-03-23,4,재밌다고 깔깔깔깔 시리즈마다 계속 구입
아동만화,흔한남매 오해요,2022-03-22,4,만화라서 재미나요. 배송도 빠르고 좋아요!
아동만화,흔한남매 오해요,2022-03-21,4,재미있다고 좋아 죽어요
아동만화,흔한남매 오해요,2022-03-19,4,딸이 재밌다고하네요 배송이 좀 걸렸는대 그래도 좋아요
아동만화,흔한남매 오해요,2022-03-19,4,아이가 즐겁게 읽네요 단숨에
아동만화,흔한남매 오해요,2022-03-18,4,초4아들 잘 읽어요^^
아동만화,흔한남매 오해요,2022-03-18,3,단숨에 읽어버리네요
아동만화,흔한남매 오해요,2022-03-16,4,중1 아들이 오자마자 뜯어서 잼나게 읽었네요
아동만화,흔한남매 오해요,2022-03-16,1,배송이 너무 심하게 느려요
아동만화,흔한남매 오해요,2022-03-15,4,좋아요.....근데 배송이 좀 늦네요
아동만화,흔한남매 오해요,2022-03-12,4,아이가 좋아합니다. 감사합니다.
아동만화,흔한남매 오해요,2022-03-12,4,아이가 좋아하는 흔한남매 시리즈 끝이 없네요...ㅋㅋ
아동만화,흔한남매 오해요,2022-03-11,4,아이가 좋아하며 잘 읽어요!
아동만화,흔한남매 오해요,2022-03-11,4,흔한남매 시리즈는 무조건 사전예약!!! 우리집에도 흔한남매 시리즈로 가득한 책장 너무너무 재미있어서 계속 보게되요!!! 강추합니다!!! 후회하지 않으실꺼에요~
아동만화,흔한남매 오해요,2022-03-10,4,아이들이 돌려보면서 잘 읽네요!
아동만화,흔한남매 오해요,2022-03-10,4,아이가 좋아해요 추천해요
아동만화,흔한남매 오해요,2022-03-10,4,아이가 좋아하네요.^^
아동만화,흔한남매 오해요,2022-03-10,4,흔한남매 유튜브도 재밌고 책도 재밌네요
아동만화,흔한남매 오해요,2022-03-09,1,3/4 배송된 봉투에 책은 없고 거래명세서만 들어있었어요. 문의글을 올려도 지금(3/9)까지 답변이 없고 어쩌라는 거죠? 그 동안 책 주문 여러번 했는데 이런 경우는 처음이네요. 실수는 할 수 있지만 뒷수습이 실망스럽네요. 아이가 오래 기다린 책이에요. 빠른 답변 및 재배송 바랍니다.
아동만화,흔한남매 오해요,2022-03-09,4,아이가 너무 좋아합니ㅣㄷㆍ
아동만화,흔한남매 오해요,2022-03-09,4,아이들이 좋아해요 추천해요
아동만화,흔한남매 오해요,2022-03-09,4,아이가 너무 기다려서 샀어여
아동만화,흔한남매 오해요,2022-03-08,4,아이가 재미있게 잘 읽어요
아동만화,흔한남매 오해요,2022-03-08,4,역시나 아이가 좋아합니다
아동만화,흔한남매 오해요,2022-03-07,4,초등 쌍둥이 자녀들에게 인기짱입니다. ㅎ 나올때마다 사달라고 난리예요~~
아동만화,흔한남매 오해요,2022-03-06,4,아주 조금은 아쉬운? 스토리가 너무 짧아요 ㅎㅎㅎㅎㅎㅎ
아동만화,흔한남매 오해요,2022-03-06,4,아이가 너무 좋아합니다
아동만화,흔한남매 오해요,2022-03-06,4,아이가 재미있어 합니다..
아동만화,흔한남매 오해요,2022-03-05,4,아이들이 웃으면서 보네요 재밌게 보기 좋아요
아동만화,흔한남매 오해요,2022-03-05,4,딸 아이가 좋아해서 구입하고 있습니다.
아동만화,흔한남매 오해요,2022-03-05,4,흔한남매 너무 좋아영...
아동만화,흔한남매 오해요,2022-03-05,4,아이가 너무 재미있어합니다.
아동만화,흔한남매 오해요,2022-03-05,4,오래기다리다받은만큼 반가운책입니다
아동만화,흔한남매 오해요,2022-03-05,3,드디어 출발했네요 .
아동만화,기묘함 속으로,2022-06-25,4,무서운데 재미있대요
아동만화,기묘함 속으로,2022-08-16,4,흥미롭고 재밌게 잘 읽었어요
아동만화,기묘함 속으로,2022-08-12,4,아이가 많이 좋아합니다
아동만화,기묘함 속으로,2022-08-12,4,초4가 재밌다고 읽고 또 읽어요
아동만화,기묘함 속으로,2022-07-03,3,아이가 기묘한 이야기 좋아해서 사줬어요 킬링타임용으로 괜찮아요
아동만화,기묘함 속으로,2022-05-31,4,용기 충전 북마크가 너무 기발해요 :)
아동만화,기묘함 속으로,2022-05-26,4,초등학교 4학년 아이가 서점에서 직접 고른 책이에요 재미있게 잘 읽었어요
아동만화,설민석의 삼국지 대모험 8: 술잔이 식기 전에,2022-09-08,4,아이가 늘 재미있게 보는 책입니다
아동만화,설민석의 삼국지 대모험 8: 술잔이 식기 전에,2022-09-06,4,아이가 재미있게 보는 시리즈에요
아동만화,설민석의 삼국지 대모험 8: 술잔이 식기 전에,2022-09-02,4,"한국사,세계사,삼국지 어느것하나 재미없는책이 없네요^^ 딸램이 너무너무기다려요~~ 좀 빨리 다음권 내주시면안되나요?ㅎ 재미있게 잘읽었어요~~"
아동만화,설민석의 삼국지 대모험 8: 술잔이 식기 전에,2022-08-25,4,아이가 좋아하는 책이예요
아동만화,설민석의 삼국지 대모험 8: 술잔이 식기 전에,2022-08-24,4,너무 빨리 읽는다는 것이 단점이네요 ㅎㅎ 9권을 빨리좀 내주세요.
아동만화,설민석의 삼국지 대모험 8: 술잔이 식기 전에,2022-08-23,4,오자마자 너무 재미있게 잘 읽었습니다
아동만화,설민석의 삼국지 대모험 8: 술잔이 식기 전에,2022-08-22,4,다음편 나오기 기다렸어요
아동만화,설민석의 삼국지 대모험 8: 술잔이 식기 전에,2022-08-20,4,8권보자마자 9권 기대하고있습니다^^ 삼국지를 이렇게 재밌게 볼 수 있다니 감사합니다^^
아동만화,설민석의 삼국지 대모험 8: 술잔이 식기 전에,2022-08-16,4,어린이들이 삼국지를 보다 재미있게 읽을 수 있는 유용한 책입니다.
아동만화,설민석의 삼국지 대모험 8: 술잔이 식기 전에,2022-08-16,4,기다리는 책입니다~
아동만화,설민석의 삼국지 대모험 8: 술잔이 식기 전에,2022-08-16,4,신간 나올때를 기다리고 있습니다
아동만화,설민석의 삼국지 대모험 8: 술잔이 식기 전에,2022-08-15,4,아이에게 유익합니다.
아동만화,설민석의 삼국지 대모험 8: 술잔이 식기 전에,2022-08-12,4,재미있다고 항상 기다리는 책입니다
아동만화,설민석의 삼국지 대모험 8: 술잔이 식기 전에,2022-08-07,4,아이가좋아하는책입니다
아동만화,설민석의 삼국지 대모험 8: 술잔이 식기 전에,2022-08-06,4,아이가 엄청 좋아해요
아동만화,설민석의 삼국지 대모험 8: 술잔이 식기 전에,2022-08-05,3,아이가 재미있게 보고 있어요
아동만화,설민석의 삼국지 대모험 8: 술잔이 식기 전에,2022-08-03,4,아이가좋아해서 꾸준히 구매중입니다
아동만화,설민석의 삼국지 대모험 8: 술잔이 식기 전에,2022-08-02,4,아이가 좋아하네요~~
아동만화,그리스 로마 신화 29: 오디세우스의 험난한 모험,2022-09-07,4,아이가 너무 좋아해서 꾸준히 읽네요
아동만화,그리스 로마 신화 29: 오디세우스의 험난한 모험,2022-09-07,4,그리스로마신화 아이가 너무 좋아합니다
아동만화,그리스 로마 신화 29: 오디세우스의 험난한 모험,2022-09-06,4,아이가 커도 이책은 꾸준히 읽으라고 사줘ᄋᆢㄷ
아동만화,그리스 로마 신화 29: 오디세우스의 험난한 모험,2022-09-04,4,새 책 언제 나오냐고 수시로 찾아요
아동만화,그리스 로마 신화 29: 오디세우스의 험난한 모험,2022-09-04,4,읽기쉽고 흥미로워 어른이 읽어도 재밌네요
아동만화,그리스 로마 신화 29: 오디세우스의 험난한 모험,2022-09-02,4,아이가 좋아해서 매번 꾸준히 사게되네요
아동만화,그리스 로마 신화 29: 오디세우스의 험난한 모험,2022-08-26,4,믿고보는 아울북 믿고보는 그리스로마신화 예요! 아이가 좋아해요
아동만화,그리스 로마 신화 29: 오디세우스의 험난한 모험,2022-08-25,4,아이가 너무 좋아해서 전집으로 사주고 그 뒤에 새로 나오면 한권씩 추가해줍니다
아동만화,그리스 로마 신화 29: 오디세우스의 험난한 모험,2022-08-24,4,아이가 좋아하는 그리스 로마신화입니다. 흥미있어해요
아동만화,그리스 로마 신화 29: 오디세우스의 험난한 모험,2022-08-23,4,아이가 기다리는 책이예요
아동만화,그리스 로마 신화 29: 오디세우스의 험난한 모험,2022-08-22,4,재미있어요. 감사합니다.
아동만화,그리스 로마 신화 29: 오디세우스의 험난한 모험,2022-08-20,4,30권도 기다립니다
아동만화,그리스 로마 신화 29: 오디세우스의 험난한 모험,2022-08-12,4,신권나오면 항상 찾아서 읽고싶다고 들고오는 시리즈 중에 하나에요 읽고 이전 시리즈들을 다시 반복하고 즐겁게 보고있습니다 그리스로마신화 좋아요
아동만화,그리스 로마 신화 29: 오디세우스의 험난한 모험,2022-08-11,4,아이가 좋아합니다. 만화로 되어있지만 신화관련된 여러 매체들을 보다 아이가 아는 신들의 이름이 나오면 바로 이야기 하더라고요~잘보고 있습니다.
아동만화,그리스 로마 신화 29: 오디세우스의 험난한 모험,2022-08-11,4,아이가 좋아하네요 재밌어해요
아동만화,그리스 로마 신화 29: 오디세우스의 험난한 모험,2022-08-10,4,조카에게 선물로 항상 보내고 있어요^^
아동만화,그리스 로마 신화 29: 오디세우스의 험난한 모험,2022-08-09,4,아이가 다음 이야기를 기다려요~
아동만화,그리스 로마 신화 29: 오디세우스의 험난한 모험,2022-08-08,4,흥미있게 잘 보고 있어요.
아동만화,그리스 로마 신화 29: 오디세우스의 험난한 모험,2022-08-06,4,기다리는 시리즈이지요 아이가너무잘보네요
아동만화,그리스 로마 신화 29: 오디세우스의 험난한 모험,2022-08-04,4,아이가 좋아해서 시리즈 구입해요
아동만화,그리스 로마 신화 29: 오디세우스의 험난한 모험,2022-08-03,4,항상 다음 이야기를 기다립니다
아동만화,그리스 로마 신화 29: 오디세우스의 험난한 모험,2022-08-01,4,아들이 출간되기늘 기다렸다가 나오기만하면 바로 구매해달라고 합니다. 재미있나봅니다.
아동만화,그리스 로마 신화 29: 오디세우스의 험난한 모험,2022-07-28,3,아이가 재미있게 읽네요
아동만화,그리스 로마 신화 29: 오디세우스의 험난한 모험,2022-07-28,4,추천받았는데 좋아요^^
아동만화,그리스 로마 신화 29: 오디세우스의 험난한 모험,2022-07-28,4,아이가 기다리는 책이라 참 좋네요
아동만화,그리스 로마 신화 29: 오디세우스의 험난한 모험,2022-07-25,4,아이가 좋아해서 자주사요
아동만화,그리스 로마 신화 29: 오디세우스의 험난한 모험,2022-07-25,4,초등 저학년 아이가 좋아해요
아동만화,그리스 로마 신화 29: 오디세우스의 험난한 모험,2022-07-24,4,아들이 좋아하는 책입니다
아동만화,그리스 로마 신화 29: 오디세우스의 험난한 모험,2022-07-21,4,아이들이 좋아해요.
아동만화,그리스 로마 신화 29: 오디세우스의 험난한 모험,2022-07-21,4,시리즈모두 재미있어하고 잘읽고있습니다
아동만화,그리스 로마 신화 29: 오디세우스의 험난한 모험,2022-07-21,4,아이가 즣아하네요~%
아동만화,그리스 로마 신화 29: 오디세우스의 험난한 모험,2022-07-19,4,저도 같이 보고 있네요~~~~
아동만화,그리스 로마 신화 29: 오디세우스의 험난한 모험,2022-07-19,4,아이가 재미있게 보았습니다
아동만화,그리스 로마 신화 29: 오디세우스의 험난한 모험,2022-07-18,4,오디세우의 험난한 모험 잘 읽었습니다.
아동만화,그리스 로마 신화 29: 오디세우스의 험난한 모험,2022-07-17,3,아이가 재미있게 보고 있어요.
아동만화,그리스 로마 신화 29: 오디세우스의 험난한 모험,2022-07-16,4,애가 배송되자 마자 금방 읽어요
아동만화,그리스 로마 신화 29: 오디세우스의 험난한 모험,2022-07-14,4,아이에게 선물해줬어요 ^^
아동만화,그리스 로마 신화 29: 오디세우스의 험난한 모험,2022-07-14,4,언제나 다음편을 기다리는 그리스로마신화~
아동만화,그리스 로마 신화 29: 오디세우스의 험난한 모험,2022-07-14,4,그림체 예쁘고 아이도 너무좋아하는데 만화로 접하니 집에 있는 그리스로마신화는 안보니 고민스럽네요 ㅎㅎ 그래도 아이가 원하니 계속 구매는 해줄듯해요
아동만화,그리스 로마 신화 29: 오디세우스의 험난한 모험,2022-07-13,4,아이가 좋아하는 책이어서 항상 기다립니다
아동만화,그리스 로마 신화 29: 오디세우스의 험난한 모험,2022-07-12,4,아이가 너무 기다리던 책이에여
아동만화,그리스 로마 신화 29: 오디세우스의 험난한 모험,2022-07-12,4,아이들이 재미있어합니다.
아동만화,그리스 로마 신화 29: 오디세우스의 험난한 모험,2022-07-12,4,아이가 금방 잘 읽고 재미있어 합닌다.
아동만화,그리스 로마 신화 29: 오디세우스의 험난한 모험,2022-07-12,4,"아이가 그리스 로마 신화를 참 좋아해요,.29화 언제 나오나 기다리고 있었는데 재밌게 잘 있었대요..ㅋㅋ 30화도 기대해봅니다!!"
아동만화,그리스 로마 신화 29: 오디세우스의 험난한 모험,2022-07-11,4,아이가 너무 좋아해요
아동만화,그리스 로마 신화 29: 오디세우스의 험난한 모험,2022-07-10,4,아이가 정기적으로 보는 책이에요
아동만화,그리스 로마 신화 29: 오디세우스의 험난한 모험,2022-07-09,4,초등생 두 아이가 너무나 즐겨 읽어요
아동만화,그리스 로마 신화 29: 오디세우스의 험난한 모험,2022-07-09,4,아이가 좋아합니다~~
아동만화,그리스 로마 신화 29: 오디세우스의 험난한 모험,2022-07-08,4,아이가 늘 기다려 읽는 책이라~
아동만화,말이야와 친구들 5,2022-07-28,4,아이가 너무 재미있게 읽고 있어요~~
아동만화,말이야와 친구들 5,2022-07-17,3,아이가 재미있게 보고 있어요.
아동만화,말이야와 친구들 5,2022-07-03,4,너무 좋아합니다 하하
아동만화,말이야와 친구들 5,2022-07-02,4,아이가 너무 재미있어해여
아동만화,말이야와 친구들 5,2022-06-21,4,아이들이 좋아해서 시리즈로 구매중입니다.
아동만화,웃소 4,2022-08-28,4,초등학생 아이가 유튜브 웃소 컨텐츠를 좋아해서 책도 전권 소장하고 있는데 4권도 예약구매로 구입했어요. 너무 좋아하네요^^
아동만화,웃소 4,2022-08-08,4,조카들에게 선물했는데 너무 좋아하네요. 감사합니다. 잘 읽었어요.
아동만화,웃소 4,2022-07-28,3,아이가 재미있게 읽어요
아동만화,웃소 4,2022-07-08,4,초등학생 아이가 좋아합니다
아동만화,웃소 4,2022-07-05,4,배송 별 5 가격 별 4 상품 별 5
아동만화,웃소 4,2022-07-02,4,아이가 좋아해서 구매했어요 잘 읽어요
아동만화,웃소 4,2022-07-02,4,아이가 워낙 좋아해서 1편부터 계속 구매중입니다 이번에도 역시 재미있어하네요~~
아동만화,웃소 4,2022-06-30,4,아이들이 좋아해서 시리즈로 구매하고 있어요~
아동만화,웃소 4,2022-06-25,4,재미있어서좋대요..
아동만화,토깽이네 지구 구출 대작전 4: 깨끗한 공기를 구하라!,2022-08-22,3,아이가 좋아해서 좋네요
아동만화,토깽이네 지구 구출 대작전 4: 깨끗한 공기를 구하라!,2022-08-12,4,모르던 미니게임이 많이 나와서 신기했다고 합니다
아동만화,토깽이네 지구 구출 대작전 4: 깨끗한 공기를 구하라!,2022-08-03,3,아이가 엄청 좋아해요.
아동만화,토깽이네 지구 구출 대작전 4: 깨끗한 공기를 구하라!,2022-07-31,4,아이가 넘 좋아해요~~
아동만화,토깽이네 지구 구출 대작전 4: 깨끗한 공기를 구하라!,2022-07-26,4,아이가 좋아해서 시리즈로 구매중입니다
아동만화,토깽이네 지구 구출 대작전 4: 깨끗한 공기를 구하라!,2022-07-23,4,딸이 사달라고 졸라서ㅎㅎ 좋아하면 된거죠ㅎ
아동만화,토깽이네 지구 구출 대작전 4: 깨끗한 공기를 구하라!,2022-07-21,4,아이들이 너무 좋아하네요
아동만화,토깽이네 지구 구출 대작전 4: 깨끗한 공기를 구하라!,2022-07-14,4,토깽이네 지구... 재미있어요
아동만화,토깽이네 지구 구출 대작전 4: 깨끗한 공기를 구하라!,2022-07-13,4,환경에 대해서 배울 수 있어서 좋습니다.
아동만화,토깽이네 지구 구출 대작전 4: 깨끗한 공기를 구하라!,2022-07-11,4,초등학생 아이가 재미있어 하네요
아동만화,토깽이네 지구 구출 대작전 4: 깨끗한 공기를 구하라!,2022-07-09,4,지구를 아끼고 환경에 대한 관심을 갖게 해줘요.
아동만화,토깽이네 지구 구출 대작전 4: 깨끗한 공기를 구하라!,2022-07-01,4,초등학생 아이가 좋아합니다.
아동만화,토깽이네 지구 구출 대작전 4: 깨끗한 공기를 구하라!,2022-06-30,4,아이가 몇번이고 읽고또읽어요
아동만화,토깽이네 지구 구출 대작전 4: 깨끗한 공기를 구하라!,2022-06-27,4,아이가 좋아해서 시리즈로 구매했어요 흥미있게 잘 봐요 나오자마자 사돌라고 졸라서 구매했어요 좋아요
아동만화,체리툰 2: 시원톡톡 사이다썰 모음집,2022-08-16,4,흥미롭고 재밌게 잘 읽었어요
아동만화,체리툰 2: 시원톡톡 사이다썰 모음집,2022-07-13,4,아이가 좋아해서 시리즈로 구매중입니다.
아동만화,놓지 마 과학! 17: 모카노 왕국의 보물과 밀실 미스터리,2022-09-08,4,아이들이 너무좋아해요^^
아동만화,놓지 마 과학! 17: 모카노 왕국의 보물과 밀실 미스터리,2022-08-30,4,과학 상식을 아이가 쉽고 재밌게 알아갈 수 있어요
아동만화,놓지 마 과학! 17: 모카노 왕국의 보물과 밀실 미스터리,2022-08-24,4,아이가 넘 잼있어해요ㅎㅎ
아동만화,놓지 마 과학! 17: 모카노 왕국의 보물과 밀실 미스터리,2022-08-19,4,아들이 늘 사달라는 시리즈
아동만화,놓지 마 과학! 17: 모카노 왕국의 보물과 밀실 미스터리,2022-08-17,3,정말 정신줄 놓게 정신이 하나도 없네요
아동만화,놓지 마 과학! 17: 모카노 왕국의 보물과 밀실 미스터리,2022-08-16,4,만화로 읽으니까 더 재밌는 과학
아동만화,놓지 마 과학! 17: 모카노 왕국의 보물과 밀실 미스터리,2022-08-14,4,아이가 재미있어해서 구매했습니다
아동만화,놓지 마 과학! 17: 모카노 왕국의 보물과 밀실 미스터리,2022-08-13,4,재밌게 잘보고 있어요
아동만화,놓지 마 과학! 17: 모카노 왕국의 보물과 밀실 미스터리,2022-08-12,4,추리하는 내용이 많아 재미있었다고 합니다
아동만화,놓지 마 과학! 17: 모카노 왕국의 보물과 밀실 미스터리,2022-08-11,4,만족합니다. 재미있네요. 감사합니다
아동만화,놓지 마 과학! 17: 모카노 왕국의 보물과 밀실 미스터리,2022-08-07,4,읽고 또 읽고… 질리지 않나봐요.
아동만화,놓지 마 과학! 17: 모카노 왕국의 보물과 밀실 미스터리,2022-08-06,4,과학공부에 도움이 됩니다.
아동만화,놓지 마 과학! 17: 모카노 왕국의 보물과 밀실 미스터리,2022-08-04,4,아이가좋아해서 구입해서 보고 있어요
아동만화,놓지 마 과학! 17: 모카노 왕국의 보물과 밀실 미스터리,2022-08-01,4,아이가좋아하네요 재밌는책입니다
아동만화,놓지 마 과학! 17: 모카노 왕국의 보물과 밀실 미스터리,2022-07-26,3,좋아요. 하지만 초기 시라즈들보다는 힘을 잃어가는것 같기도
아동만화,놓지 마 과학! 17: 모카노 왕국의 보물과 밀실 미스터리,2022-07-24,4,새 시리즈 나오길 언제나 손꼽아 기다리는 책이네요. 아이가 정말 좋아합니다
아동만화,놓지 마 과학! 17: 모카노 왕국의 보물과 밀실 미스터리,2022-07-21,4,아이가 너무 좋아해요~~
아동만화,놓지 마 과학! 17: 모카노 왕국의 보물과 밀실 미스터리,2022-07-18,2,아이들이 좋아합니다
아동만화,놓지 마 과학! 17: 모카노 왕국의 보물과 밀실 미스터리,2022-07-15,4,신권 나올 때마다 사는 책이에요~!!
아동만화,놓지 마 과학! 17: 모카노 왕국의 보물과 밀실 미스터리,2022-07-14,4,조카가 좋아해요 유익하네요
아동만화,놓지 마 과학! 17: 모카노 왕국의 보물과 밀실 미스터리,2022-07-12,4,아이가 심심할때읽기 좋아합니다. 읽기편하고 좋은듯요.
아동만화,놓지 마 과학! 17: 모카노 왕국의 보물과 밀실 미스터리,2022-07-05,4,아이가 좋아하는 책이예요
아동만화,놓지 마 과학! 17: 모카노 왕국의 보물과 밀실 미스터리,2022-07-04,4,유쾌하고 발랄한 이야기
아동만화,놓지 마 과학! 17: 모카노 왕국의 보물과 밀실 미스터리,2022-06-30,4,신기한 모험내용이 있네요 좋습니다
아동만화,놓지 마 과학! 17: 모카노 왕국의 보물과 밀실 미스터리,2022-06-27,4,항상 다음편이 나오길 기다리다 구입합니다~ 아이가 좋아해요
아동만화,놓지 마 과학! 17: 모카노 왕국의 보물과 밀실 미스터리,2022-06-24,4,모카노 왕국에 보물과 밀실 미스터리
아동만화,놓지 마 과학! 17: 모카노 왕국의 보물과 밀실 미스터리,2022-06-19,4,아이가 좋아해요 기다려서 구매하네요
아동만화,놓지 마 과학! 17: 모카노 왕국의 보물과 밀실 미스터리,2022-06-18,4,아이가 재미있게 잘 읽습니다.
아동만화,놓지 마 과학! 17: 모카노 왕국의 보물과 밀실 미스터리,2022-06-18,4,유익한 도서입니다. 감사합니다.
아동만화,놓지 마 과학! 17: 모카노 왕국의 보물과 밀실 미스터리,2022-06-17,4,잘 읽히고 재미있어요
아동만화,놓지 마 과학! 17: 모카노 왕국의 보물과 밀실 미스터리,2022-06-16,4,아이들이 너무 좋아해요
아동만화,놓지 마 과학! 17: 모카노 왕국의 보물과 밀실 미스터리,2022-06-15,4,과학을 좋아하는 아이라 읽고 또 읽고
아동만화,놓지 마 과학! 17: 모카노 왕국의 보물과 밀실 미스터리,2022-06-11,4,아이가 재미있다고 읽고 또 읽어요.
아동만화,놓지 마 과학! 17: 모카노 왕국의 보물과 밀실 미스터리,2022-06-10,4,과학관련되서 아이가 참 좋아해요
아동만화,놓지 마 과학! 17: 모카노 왕국의 보물과 밀실 미스터리,2022-06-09,4,아이가 놓지마 과학 팬입니다
아동만화,놓지 마 과학! 17: 모카노 왕국의 보물과 밀실 미스터리,2022-06-09,4,놓지마과학 시리즈 다 재미있어요
아동만화,놓지 마 과학! 17: 모카노 왕국의 보물과 밀실 미스터리,2022-06-07,4,매번 기다리는 책입니다
아동만화,놓지 마 과학! 17: 모카노 왕국의 보물과 밀실 미스터리,2022-06-07,3,초등학생 아이가 즐겁게 시리즈를 기다리네요.
아동만화,놓지 마 과학! 17: 모카노 왕국의 보물과 밀실 미스터리,2022-06-06,4,초2부터 늘 읽던 시리즈예요 아이가 좋아합니다
아동만화,놓지 마 과학! 17: 모카노 왕국의 보물과 밀실 미스터리,2022-06-05,4,초등 여아가 좋아합니다.
아동만화,놓지 마 과학! 17: 모카노 왕국의 보물과 밀실 미스터리,2022-06-03,4,재밌게 공부하고 있어요.
아동만화,놓지 마 과학! 17: 모카노 왕국의 보물과 밀실 미스터리,2022-06-03,4,초등학생 아이가 좋아합니다
아동만화,놓지 마 과학! 17: 모카노 왕국의 보물과 밀실 미스터리,2022-06-01,4,엄청 기다렸어요~!! 역시나!
아동만화,놓지 마 과학! 17: 모카노 왕국의 보물과 밀실 미스터리,2022-06-01,4,아이가 엄청좋아해요
아동만화,놓지 마 과학! 17: 모카노 왕국의 보물과 밀실 미스터리,2022-06-01,4,도착했다는 얘기 듣고 바로 읽겠다고 했어요 너무 좋아합니다
아동만화,놓지 마 과학! 17: 모카노 왕국의 보물과 밀실 미스터리,2022-05-31,4,재미있게 보았네요 담편도 기대하며
아동만화,놓지 마 과학! 17: 모카노 왕국의 보물과 밀실 미스터리,2022-05-31,4,시리즈로 나오길 기다리며 구매해요. 재미와 과학을 함께~ 몇번을 봐도 재미있데요
아동만화,놓지 마 과학! 17: 모카노 왕국의 보물과 밀실 미스터리,2022-05-28,4,놓지마 시리즈는 하나도 안빼고 다 구매했어요^^
아동만화,놓지 마 과학! 17: 모카노 왕국의 보물과 밀실 미스터리,2022-05-28,4,보자마자 웃기고 재밌읍니다.
아동만화,놓지 마 과학! 17: 모카노 왕국의 보물과 밀실 미스터리,2022-05-26,4,오랫동안 기다린 책 아이들이 좋아해요
아동만화,놓지 마 과학! 17: 모카노 왕국의 보물과 밀실 미스터리,2022-05-26,4,놓지마 과학 아주 좋아합니다
아동만화,놓지 마 과학! 17: 모카노 왕국의 보물과 밀실 미스터리,2022-05-26,4,아이가 기다렸다가 꼭 구매하는 책이에요. 너무 재밌게 잘 읽어요. 학교 과학수업때 이책이 도움이 된다고 하네요.
아동만화,놓지 마 과학! 17: 모카노 왕국의 보물과 밀실 미스터리,2022-05-22,4,요즘 핫한 인기책이라해서 샀어요 선물하기 좋아요
아동만화,놓지 마 과학! 17: 모카노 왕국의 보물과 밀실 미스터리,2022-05-16,4,아이가재미있게보네요
아동만화,놓지 마 과학! 17: 모카노 왕국의 보물과 밀실 미스터리,2022-05-16,4,아이들이 좋아해요~^^
아동만화,놓지 마 과학! 17: 모카노 왕국의 보물과 밀실 미스터리,2022-05-16,4,놓지마 과학 아이들을 위한
아동만화,놓지 마 과학! 17: 모카노 왕국의 보물과 밀실 미스터리,2022-05-16,4,아이가 너무 좋아해요 다음꺼도 기대됩니다
아동만화,놓지 마 과학! 17: 모카노 왕국의 보물과 밀실 미스터리,2022-05-15,4,아이가 중학생이 됐는데도 좋아합니다.
아동만화,놓지 마 과학! 17: 모카노 왕국의 보물과 밀실 미스터리,2022-05-15,4,오자마자 신났어요 ^^
아동만화,놓지 마 과학! 17: 모카노 왕국의 보물과 밀실 미스터리,2022-05-12,4,놓치마 과학은 무조건 사야죠^^ 18권 기다려 봅니다^^
아동만화,놓지 마 과학! 17: 모카노 왕국의 보물과 밀실 미스터리,2022-05-12,4,과학 학습만화 중에 제일 좋아하는 시리즈입니다
아동만화,놓지 마 과학! 17: 모카노 왕국의 보물과 밀실 미스터리,2022-05-12,4,아이가 좋아합니다.
아동만화,놓지 마 과학! 17: 모카노 왕국의 보물과 밀실 미스터리,2022-05-12,4,아이가 참 좋아해요
아동만화,놓지 마 과학! 17: 모카노 왕국의 보물과 밀실 미스터리,2022-05-11,4,아이가좋아해서 꾸준히 구매중입니다
아동만화,놓지 마 과학! 17: 모카노 왕국의 보물과 밀실 미스터리,2022-05-09,4,시리드로 잘 읽고있습니다
아동만화,놓지 마 과학! 17: 모카노 왕국의 보물과 밀실 미스터리,2022-05-08,4,모카노 왕국의 보물과 밀실 미스터리
아동만화,놓지 마 과학! 17: 모카노 왕국의 보물과 밀실 미스터리,2022-05-08,4,좋아요.매번 구입하고 있어요
아동만화,놓지 마 과학! 17: 모카노 왕국의 보물과 밀실 미스터리,2022-05-03,4,매번 구입하는 최애 도서 중하나
아동만화,놓지 마 과학! 17: 모카노 왕국의 보물과 밀실 미스터리,2022-05-01,4,재미있어서 샀어요.
아동만화,놓지 마 과학! 17: 모카노 왕국의 보물과 밀실 미스터리,2022-05-01,4,너무 재미있어용...
아동만화,놓지 마 과학! 17: 모카노 왕국의 보물과 밀실 미스터리,2022-05-01,4,놓지마 과학은 엄마가 봐도 참 재밌고 흥미롭습니다
아동만화,놓지 마 과학! 17: 모카노 왕국의 보물과 밀실 미스터리,2022-04-30,4,아이가 오자마자 다 읽었다네요ㅡㅡ 언제 또 나오나요?
아동만화,놓지 마 과학! 17: 모카노 왕국의 보물과 밀실 미스터리,2022-04-28,4,아이가 정기적으로 보는 책이라 샀어요
