,part,title,date,rating,text
0,취미/스포츠,당신은 사건 현장에 있습니다,2022-07-18,4,추리소설 덕후에게 최고의 책
1,취미/스포츠,당신은 사건 현장에 있습니다,2022-08-27,4,ㅊㅜ리게임 같은 책 나와서 좋아요
2,취미/스포츠,당신은 사건 현장에 있습니다,2022-08-16,4,아이가 너무 좋아합니다. 제가 봐도 재밌네요.
3,취미/스포츠,당신은 사건 현장에 있습니다,2022-08-14,4,너무 재미있어요~~시리즈로 나올까요?
4,취미/스포츠,당신은 사건 현장에 있습니다,2022-07-22,4,재미있습니다! 추천합니다!!
5,취미/스포츠,당신은 사건 현장에 있습니다,2022-07-09,4,재미있을 거 같아요.
6,취미/스포츠,당신은 사건 현장에 있습니다,2022-06-24,4,범인이 누굴까 유추하며 재미있게 봤네요~~
7,취미/스포츠,당신은 사건 현장에 있습니다,2022-09-03,4,이런종류의 책은 처음이라 어려웠지만 너무 재미있습니다 제가 크라임씬의 출연자가 된 느낌이예요
8,취미/스포츠,당신은 사건 현장에 있습니다,2022-07-19,4,당신은 사건 현장에 있습니다
9,취미/스포츠,소워니놀이터의 말랑말랑 스퀴시,2022-06-30,4,좋아해요 기다렸거든요~
10,취미/스포츠,소워니놀이터의 말랑말랑 스퀴시,2022-08-26,4,아이가 무척이나 좋아합니다.
11,취미/스포츠,소워니놀이터의 말랑말랑 스퀴시,2022-08-23,4,집에서 아이와 놀아줄때 하면 좋을것같아 구매햇어요.
12,취미/스포츠,소워니놀이터의 말랑말랑 스퀴시,2022-08-13,2,아이들이 좋아하지만 책이라기 보기는 힘드네요. 만들기 재료와 설명서입니다.
13,취미/스포츠,소워니놀이터의 말랑말랑 스퀴시,2022-07-29,4,초1 방학을 함께할 아이템 준비물이 꽤 있네여 아이가 너무 좋아합니다^^
14,취미/스포츠,소워니놀이터의 말랑말랑 스퀴시,2022-07-28,4,아이가 넘 조아해요
15,취미/스포츠,소워니놀이터의 말랑말랑 스퀴시,2022-07-23,4,소워니놀이터 좋아해서 선물하려고 샀어요
16,취미/스포츠,소워니놀이터의 말랑말랑 스퀴시,2022-07-10,4,소워니책 받자마자ㅋ 너무 좋아서 방방 뛰더라고요 ㅎ 유튜브에서 봤는데 너무 갖고 싶었다고 ㅎ 말 안하고 주문 했었거든요 ㅎ
17,취미/스포츠,소워니놀이터의 말랑말랑 스퀴시,2022-07-08,4,애가 너무 좋아해요ㅜㅜ 참고로 초등 저학년 남아입니다.
18,취미/스포츠,소워니놀이터의 말랑말랑 스퀴시,2022-07-06,4,띠부띠부도 잘 가지고 놀았는데 스퀴시도 엄청 좋아해요.
19,취미/스포츠,소워니놀이터의 말랑말랑 스퀴시,2022-07-05,4,아이가 좋아합니다. 좋은 책 입니다.
20,취미/스포츠,소워니놀이터의 말랑말랑 스퀴시,2022-06-29,3,아이가 좋아해서 구매했어요~
21,취미/스포츠,소워니놀이터의 띠부띠부 직업놀이,2022-08-19,4,아이가 재미있어해요
22,취미/스포츠,소워니놀이터의 띠부띠부 직업놀이,2022-08-18,4,딸아이 선물로 샀는데 좋아하네요.
23,취미/스포츠,소워니놀이터의 띠부띠부 직업놀이,2022-08-17,4,아이가 좋아하긴해요 5살은 엄마가힘들어요ㅜㅜ 큰아이는혼자할수있어서 좋아요
24,취미/스포츠,소워니놀이터의 띠부띠부 직업놀이,2022-08-16,4,애들이 많이 좋아합니다
25,취미/스포츠,소워니놀이터의 띠부띠부 직업놀이,2022-08-11,4,유투브 보다가 구입하게 되었고요 만들기 쉽게 되어있어 일주일에 하나씩 잘 만들고 있습니다.
26,취미/스포츠,소워니놀이터의 띠부띠부 직업놀이,2022-08-09,4,아이들이 좋아해요~^^
27,취미/스포츠,소워니놀이터의 띠부띠부 직업놀이,2022-07-05,4,아이가 좋아합니다. 감사합니다.
28,취미/스포츠,소워니놀이터의 띠부띠부 직업놀이,2022-06-17,4,아이가 너무나 즐겁게 사용하고 있습니다.
29,취미/스포츠,소워니놀이터의 띠부띠부 직업놀이,2022-06-13,4,딸아이가 좋아하네요 너무 좋아요
30,취미/스포츠,소워니놀이터의 띠부띠부 직업놀이,2022-06-12,3,3학년 혼자 잘 만들고 좋아해요
31,취미/스포츠,소워니놀이터의 띠부띠부 직업놀이,2022-05-29,4,초등 저학년 혼자서 잘 만들고 놀아요~
32,취미/스포츠,소워니놀이터의 띠부띠부 직업놀이,2022-05-16,4,재밌게 잘 활용하고 있습니다.
33,취미/스포츠,소워니놀이터의 띠부띠부 직업놀이,2022-05-07,4,유튜브로 즐겨 보는데 애들이 좋아하네요
34,취미/스포츠,소워니놀이터의 띠부띠부 직업놀이,2022-05-01,4,오리고 붙이고 싱황놀이에 푹 빠졌어요. 아이 혼자서도 잘 놀아요
35,취미/스포츠,소워니놀이터의 띠부띠부 직업놀이,2022-04-18,4,아이가 소워니에 빠져버렸어요
36,취미/스포츠,소워니놀이터의 띠부띠부 직업놀이,2022-03-16,4,이번엔 직업놀이 별로 아이와 함께 놀이도 가능하네요
37,취미/스포츠,소워니놀이터의 띠부띠부 직업놀이,2022-03-16,4,아이들이 좋아하는 것만 가득하네요. 넘 재미있어해요^^
38,취미/스포츠,소워니놀이터의 띠부띠부 직업놀이,2022-03-04,4,집콕놀이에 딱이에요^^
39,취미/스포츠,소워니놀이터의 띠부띠부 직업놀이,2022-02-27,4,아이가 혼자서 잘 가지고 노네요 캐릭터도 귀엽고~^^
40,취미/스포츠,소워니놀이터의 띠부띠부 직업놀이,2022-02-24,4,아이들 직업놀이 하기 딱 좋아요 코팅해서 찍찍이 붙여주는게 일이긴한데 아이가 직접 오려서 만들어서 놀이하니 훨씬 잘 가지고 놀아요
41,취미/스포츠,소워니놀이터의 띠부띠부 직업놀이,2022-02-10,4,초등아이 방학때 잘 활용중이요
42,취미/스포츠,소워니놀이터의 띠부띠부 직업놀이,2022-02-05,4,딸아이가 동생이랑 재밌게 노네요.
43,취미/스포츠,소워니놀이터의 띠부띠부 직업놀이,2022-02-04,4,방학때 집에서 잘 갖고 놉니다 유용!
44,취미/스포츠,소워니놀이터의 띠부띠부 직업놀이,2022-02-04,4,"코로나로 인해 집콕이 일상인 아이들이 이걸 사달래서 뭔가 싶었거든요. 근데 종이인형놀이 확장판?그런 느낌이네요. 아기자기한 손놀이 좋아하는 저희 애들은 너무 좋아하는데, 치우는 입장인 저로썬 좀 난감하네요^^;;;;;"
45,취미/스포츠,소워니놀이터의 띠부띠부 직업놀이,2022-02-03,4,여러가지 직업으로 만들고 놀이도 할수 있어서 딸아이가 너무 좋아해요~~
46,취미/스포츠,소워니놀이터의 띠부띠부 직업놀이,2022-02-02,4,애들이 너무너무 잘읽어요
47,취미/스포츠,어른을 위한 두뇌 놀이 책,2022-02-15,3,은근 시간 보낼때 좋은것 같네요
48,취미/스포츠,어른을 위한 두뇌 놀이 책,2022-09-01,3,좀 더 다양한 패턴의 놀이들이 있었으면 하는 아쉬움이 있지만 괜찮은 것 같다.
49,취미/스포츠,어른을 위한 두뇌 놀이 책,2022-08-23,4,잘 받았습니다...
50,취미/스포츠,어른을 위한 두뇌 놀이 책,2022-08-06,4,적당히 풀어내기 좋아요
51,취미/스포츠,어른을 위한 두뇌 놀이 책,2022-07-19,4,재밌게 볼 수 있는 책이에요
52,취미/스포츠,어른을 위한 두뇌 놀이 책,2022-07-18,3,숫자가 조금 컸으면.....
53,취미/스포츠,어른을 위한 두뇌 놀이 책,2022-07-06,4,문제 풀다보면 시간이 금방 가요. 어려운 부분도 있지만 대체적으로 풀어볼만 하네요.
54,취미/스포츠,어른을 위한 두뇌 놀이 책,2022-06-10,4,시간이 잘가고 좋아요
55,취미/스포츠,어른을 위한 두뇌 놀이 책,2022-05-26,1,"네모로직 칸이 좀 더 컸으면 좋았겠어요. 그리고 낱말관련페이지도 한 페이지에 두개의 낱말퍼즐(가로세로풀기,영단어찾기)이 있어서 불편했어요."
56,취미/스포츠,어른을 위한 두뇌 놀이 책,2022-05-13,4,"병원에 며칠 입원할 일이 있어서 회복하며 남는 시간 동안 뭐할까 하다가 머리도 식힐 겸 사봤어요. 단어찾기, 스도쿠, 미로찾기, 네모록, 다른 그림찾기, 점잇기 등이 반복되어 나오는데 시간 보내기 좋을 것 같아요."
57,취미/스포츠,어른을 위한 두뇌 놀이 책,2022-05-05,4,선물로 드렸는데 좋아하세요.
58,취미/스포츠,어른을 위한 두뇌 놀이 책,2022-04-20,4,심심할때 시간잘가는듯..잼나요
59,취미/스포츠,어른을 위한 두뇌 놀이 책,2022-04-11,4,스도쿠만 하다가 이 책이 눈에 띄어서 구매했습니다! 네모로직에 빠져서 하루종일 하고 있어요ㅎㅎ 중간중간 미로찾기랑 틀린그림찾기로 머리 식히면서 시간 가는줄 모르고 하고 있습니다! 재미있어요! 근데 초보에겐 살짝 난이도가 있어요!
60,취미/스포츠,어른을 위한 두뇌 놀이 책,2022-04-11,4,생각보다 더 재미있어요
61,취미/스포츠,어른을 위한 두뇌 놀이 책,2022-04-03,4,선물하기 좋은 책.
62,취미/스포츠,어른을 위한 두뇌 놀이 책,2022-04-02,4,재밌어요. 머리식힐 때 하면 좋아요.
63,취미/스포츠,어른을 위한 두뇌 놀이 책,2022-03-27,4,금액 맞춘다고 사봤는데 즐겨하던 스도쿠보다 미로찾기에 빠졌네요. ㅎ
64,취미/스포츠,어른을 위한 두뇌 놀이 책,2022-02-24,4,심심할 때 하니까 좋아요. 재밌어요
65,취미/스포츠,어른을 위한 두뇌 놀이 책,2022-02-22,4,재미있게 잘 읽었습니다.
66,취미/스포츠,어른을 위한 두뇌 놀이 책,2022-02-11,4,너무재미있습니다. 잘 사용 할게욤
67,취미/스포츠,어른을 위한 두뇌 놀이 책,2022-01-08,4,좋네요. 아주 좋아 좋아..
68,취미/스포츠,어른을 위한 두뇌 놀이 책,2021-12-28,4,취미 생활을 하려고 샀어요!
69,취미/스포츠,어른을 위한 두뇌 놀이 책,2021-12-23,4,시간떼우기 좋습니다 재미있어요
70,취미/스포츠,어른을 위한 두뇌 놀이 책,2021-12-20,4,네모로직 몇개는 도저히 해결이 안되네요..그래도 다 재미는 있어요
71,취미/스포츠,어른을 위한 두뇌 놀이 책,2021-12-10,4,시간보내기 넘 좋은 책
72,취미/스포츠,어른을 위한 두뇌 놀이 책,2021-12-08,4,좋아요 재미있네요 다양해서 좋아요
73,취미/스포츠,어른을 위한 두뇌 놀이 책,2021-12-08,4,손으로 적으면서 푸는 재미가 있습니다.
74,취미/스포츠,어른을 위한 두뇌 놀이 책,2021-12-01,4,아주 재미있는 책입니다.
75,취미/스포츠,어른을 위한 두뇌 놀이 책,2021-11-30,3,"해ㅐㅎ재미..ㅈㄷ대마ㅣ,.,"
76,취미/스포츠,어른을 위한 두뇌 놀이 책,2021-11-16,4,이번 겨울 동안 어머니가 푸실 수 있도록 구입해드렸습니다
77,취미/스포츠,어른을 위한 두뇌 놀이 책,2021-10-07,4,잠깐씩 틈새 뇌풀이로 좋을것 같아요!
78,취미/스포츠,어른을 위한 두뇌 놀이 책,2021-09-28,4,내가 점점 굳어지는 것 같아 머리 좀 쓰려구요.
79,취미/스포츠,소워니놀이터의 띠부띠부 가게놀이,2022-08-29,4,만들기 책이에요 도톰해서 더 튼튼하게 만들 수 있어요
80,취미/스포츠,소워니놀이터의 띠부띠부 가게놀이,2022-08-24,3,매번 프린터는 힘들어서 구매 해봅니다.
81,취미/스포츠,소워니놀이터의 띠부띠부 가게놀이,2022-08-19,4,9세아이혼자서도 잘해요
82,취미/스포츠,소워니놀이터의 띠부띠부 가게놀이,2022-08-13,3,아이들이 좋아하지만 책이라기 보기는 힘드네요. 만들기 재료와 설명서입니다.
83,취미/스포츠,소워니놀이터의 띠부띠부 가게놀이,2022-08-09,3,모두 도안인 줄 알았는데 앞에 설명부분이 생각보다 많더라구요. 그게 조금 아쉬웠어요.
84,취미/스포츠,소워니놀이터의 띠부띠부 가게놀이,2022-07-30,4,아이가좋아해요!!!
85,취미/스포츠,소워니놀이터의 띠부띠부 가게놀이,2022-07-22,4,초등학교3학년 여자아이가 좋아해요
86,취미/스포츠,소워니놀이터의 띠부띠부 가게놀이,2022-07-08,4,"한때 띠부띠부에 빠져 인쇄해서 만들어주다가 책으로도 사봤어요
종이가 두꺼워서 좋네요"
87,취미/스포츠,소워니놀이터의 띠부띠부 가게놀이,2022-06-09,4,"생일선물로 콕찍어 사달라고 했어요~
기발해요~ 만들기좋아하는 여아에게 최고"
88,취미/스포츠,소워니놀이터의 띠부띠부 가게놀이,2022-06-08,4,귀여운 만들기가 많아서 좋아요
89,취미/스포츠,소워니놀이터의 띠부띠부 가게놀이,2022-03-19,4,초3여아 좋아해요 만족합니다
90,취미/스포츠,소워니놀이터의 띠부띠부 가게놀이,2022-03-16,3,아이와 같이 자르고 붙이고 함께 할 수 있는 좋은책이네요
91,취미/스포츠,소워니놀이터의 띠부띠부 가게놀이,2022-03-16,4,아이랑 같이 하니 좋네요
92,취미/스포츠,소워니놀이터의 띠부띠부 가게놀이,2022-03-01,4,자를게 많지만 ㅋㅋㅋ 아이는 좋아해요
93,취미/스포츠,소워니놀이터의 띠부띠부 가게놀이,2022-02-10,4,초등아이 방학때 잘 활용중이요
94,취미/스포츠,소워니놀이터의 띠부띠부 가게놀이,2022-02-10,4,집에서 아이가 잘보고 잘 놀아요
95,취미/스포츠,소워니놀이터의 띠부띠부 가게놀이,2022-02-04,4,방학때 집에서 잘 갖고 놉니다
96,취미/스포츠,소워니놀이터의 띠부띠부 가게놀이,2022-01-03,4,참 기발한 생각 같아요. 만드는 것도 간편하고 도안도 있어서 만드는 게 참 재미있네요. 도안 만들어서 노는 게 정말 재미있어요. 그리고 만드는 설명이 돼있어서 화면을 안 보고 쉽게 만들 수 있어 재밌어요.
97,취미/스포츠,소워니놀이터의 띠부띠부 가게놀이,2021-12-24,4,요즘 최애놀이 입니다 재미있게 잘 놀아요
98,취미/스포츠,소워니놀이터의 띠부띠부 가게놀이,2021-12-24,4,다양하게 창의적인 활동할 수 있어좋아요 굿
99,취미/스포츠,소워니놀이터의 띠부띠부 가게놀이,2021-12-21,4,조카 선물로 주문했는데 좋아하네요 배송도 빨랐어요
100,취미/스포츠,소워니놀이터의 띠부띠부 가게놀이,2021-12-20,4,아이들이 너무 좋아해요
101,취미/스포츠,소워니놀이터의 띠부띠부 가게놀이,2021-12-14,4,인터넷에서 프린트해서 쓰다가 책을 사봤네요. 보기에 색감이나 두께가 A4지보다 좀 나은거 같아요. 하지만 큰욕심 부리지 않으면 적당히 괜찮아요
102,취미/스포츠,소워니놀이터의 띠부띠부 가게놀이,2021-11-27,3,아이가 하도 블로그에서 도안을 뽑아달라해서 책으로 사주었어요 프린터로뽑는거보다 색도선명하고 종이도두껍고 참 예쁜데 아이가원하는도안이아닌지 손을안데네요. 친구줘야겠어요
103,취미/스포츠,소워니놀이터의 띠부띠부 가게놀이,2021-11-26,4,그림도 귀엽고 아주 잘 놀아요
104,취미/스포츠,소워니놀이터의 띠부띠부 가게놀이,2021-11-26,4,아이가 완전 좋아해요
105,취미/스포츠,소워니놀이터의 띠부띠부 가게놀이,2021-11-14,4,애가 너무 좋아함!
106,취미/스포츠,소워니놀이터의 띠부띠부 가게놀이,2021-10-17,4,아이가 선택한 가게놀이입니다
107,취미/스포츠,소워니놀이터의 띠부띠부 가게놀이,2021-10-06,4,아이가 너무 좋아하네요
108,취미/스포츠,킨포크 트래블,2022-08-03,4,요즘은 킨포크 잡지를 따로 사서 보진 않지만 책이 이뻐서 샀어요
109,취미/스포츠,킨포크 트래블,2022-08-08,4,좋다 그런데 뭔가 부족한 느낌도 든다 한국적 정서의 차이일 수도 있고 잡지와 여행에서이의 중간 어디쯤이기에 그럴수도 있고 약간 맛있는 음식에 양념이 덜들어간 느낌
110,취미/스포츠,킨포크 트래블,2022-09-04,4,내려놓고 싶지 않은 책이다.
111,취미/스포츠,킨포크 트래블,2022-08-24,4,믿고 보는 킨포크 시리즈
112,취미/스포츠,킨포크 트래블,2022-08-17,4,킨포크 시리즈 입문이라 기대됩니다
113,취미/스포츠,킨포크 트래블,2022-08-16,4,잘 읽어보겠습니다..
114,취미/스포츠,어른을 위한 두뇌 놀이 책: 도전편,2022-08-31,4,심심할때 하기 좋아요.
115,취미/스포츠,어른을 위한 두뇌 놀이 책 플러스,2022-09-06,4,잠자기 전에 스트레스 풀 겸 구입했어요~!
116,취미/스포츠,어른을 위한 두뇌 놀이 책 플러스,2022-08-13,4,쉬는시간에 머리식히기 좋아요
117,취미/스포츠,모두의 타로(초보자용 타로 카드 포함 세트),2022-07-22,1,오늘 카드를 보니까 카드하나가 잘못됐어요 “페이지 오브 펜타클 “카드가 없고 “페이지오브컵 카드”로 잘못된 카드가 있네요?? 이런실수가 있나요? 그림은같고 아래 글씨는 펜타클의 견습기사로 돼있고 ㅠㅠ
118,취미/스포츠,모두의 타로(초보자용 타로 카드 포함 세트),2022-08-19,1,타로책 몇권을 구매하고 ~이책에 부록으로온 카드가 같은그림 잘못인쇄된 카드가 와서 교환안돼서 감안하고 보려고 하고 보다보니 오타에 인쇄잘못된 부분 중복된부분등 교정을 안본건지 너무 엉망이네요 그런데도 아직 판매하고있는건 뭔지 ㅠㅠ
119,취미/스포츠,모두의 타로(초보자용 타로 카드 포함 세트),2022-06-23,3,타로에 관심이 생겨 초보자용 도서 구입. 카드도 포함이라 겸사겸사 이걸로 샀음! ㅎ 첫 책이라 비교대상이 없어 나름 재밌는 듯 ㅎ 근데 초보자용이라 그런지 타로 카드가 한글로 적혀 있음 ㅎㅎ 영어로 되어있어도 괜찮았을것같은데... ㅎㅎ
120,취미/스포츠,모두의 타로(초보자용 타로 카드 포함 세트),2022-08-27,4,타로 처음 배우면서 장만했어요. 많은 도움 받길 원해요.
121,취미/스포츠,모두의 타로(초보자용 타로 카드 포함 세트),2022-08-02,4,조금 어렵긴한데 재밌어요
122,취미/스포츠,모두의 타로(초보자용 타로 카드 포함 세트),2022-07-31,4,알기 쉽고 잘 읽혀요~
123,취미/스포츠,모두의 타로(초보자용 타로 카드 포함 세트),2022-07-24,3,재밌을 것 같아서 구매했는데 타로카드 포함되어 있어서 쉽게 배울 수 있을 것 같아요.
124,취미/스포츠,모두의 타로(초보자용 타로 카드 포함 세트),2022-07-21,4,타로공부 시작한초보라 쉬운책부터 사서 다읽어보려고 구매했어요 보기쉽게 설명이돼있는것 같고 카드에 써있어서 공부할때 쓰기좋겠어요
125,취미/스포츠,모두의 타로(초보자용 타로 카드 포함 세트),2022-07-19,4,"앞에 타로에 대한 이야기가 적혀있고, 카드 해석도 함께 적혀있어요~ 타로 카드도 함께 들어있어서 좋아요"
126,취미/스포츠,모두의 타로(초보자용 타로 카드 포함 세트),2022-06-01,4,기초적인 타로책이라 좋아요
127,취미/스포츠,모두의 타로(초보자용 타로 카드 포함 세트),2022-03-24,4,타로의 기본을 쉽게 풀어놓은 재미있는 책입니다
128,취미/스포츠,모두의 타로(초보자용 타로 카드 포함 세트),2022-03-24,4,타로를 공부하기에 좋은 책.
129,취미/스포츠,모두의 타로(초보자용 타로 카드 포함 세트),2022-03-21,4,딸이 흥미롭게 접한 타로 책
130,취미/스포츠,모두의 타로(초보자용 타로 카드 포함 세트),2022-03-15,4,타로의 역사와 카드 종류에 간단할 설명과 예시를 편하게ㅜ읽히게 구성되어 잇어요
131,취미/스포츠,모두의 타로(초보자용 타로 카드 포함 세트),2022-03-06,4,카드포함이어서 책과 함께 쉽고 재미있게 보고있습니다.
132,취미/스포츠,더 챔피언(The Champion)(2022-2023): 유럽축구 가이드북,2022-09-01,4,매년 해외축구에 대한 포인트를 집어주는 교과서 같은 책이네요
133,취미/스포츠,벤 호건 골프의 기본,2022-08-12,4,골프를 배우고 싶은 사람으로 이 책을 보면서 기초를 다져본다.
134,취미/스포츠,벤 호건 골프의 기본,2022-06-30,4,유튜브에서 길을 잃은 당신의 스윙이 달라진다! 이 한마디의 소개글이 가장 와닿는 책이었습니다. 스윙의 체크포인트가 아닌 본질을 추구하라! 유념해야겠습니다.
135,취미/스포츠,벤 호건 골프의 기본,2022-06-16,4,골린이 잘읽고 배우고 있이요. 골프치는 분들이라면 꼭 읽으면 좋을것 같아요. 기본기에 충실한 책입니다
136,취미/스포츠,벤 호건 골프의 기본,2022-06-09,4,골프를 좋아하는 사람들에게 좋은 책인거 같네요.
137,취미/스포츠,벤 호건 골프의 기본,2022-05-12,4,좋습니다 ~~~^^
138,취미/스포츠,벤 호건 골프의 기본,2022-03-22,4,잘 읽히고 좋은책이에요!
139,취미/스포츠,스프링북 스도쿠 1(초급 중급),2022-07-26,4,스마트폰 덜하고 시간 보낼 수 있어서 좋아요 스프링이라 편합니다
140,취미/스포츠,스프링북 스도쿠 1(초급 중급),2022-08-18,4,시간 날 때마다 풀고 있어요..완성하면 기분 좋아요~~
141,취미/스포츠,스프링북 스도쿠 1(초급 중급),2022-07-15,4,재미있게 놀았습니다.
142,취미/스포츠,스프링북 스도쿠 1(초급 중급),2022-07-14,4,초등아이 풀리려구 구매
143,취미/스포츠,스프링북 스도쿠 1(초급 중급),2022-07-13,4,두뇌가 말랑말랑해지는거 같다하네요 ㅎㅎ
144,취미/스포츠,스프링북 스도쿠 1(초급 중급),2022-07-06,4,좋아요. 혼자풀기 적당해요
145,취미/스포츠,스프링북 스도쿠 1(초급 중급),2022-06-12,4,가족들과 핸드폰 사용시간을 줄이고 같이 시간을 보내기 위해 구입했습니다. 스프링이라서 더 편리합니다.
146,취미/스포츠,스프링북 스도쿠 1(초급 중급),2022-06-09,3,스토쿠는 소모품이다. 그 역할에 충실한 책.
147,취미/스포츠,스프링북 스도쿠 1(초급 중급),2022-06-05,4,좋아요 유용할것같아요
148,취미/스포츠,스프링북 스도쿠 1(초급 중급),2022-05-15,4,스도쿠 ㄹㅇ 시간순삭
149,취미/스포츠,스프링북 스도쿠 1(초급 중급),2022-05-07,4,"시간을 지배하는 자,스도쿠!"
150,취미/스포츠,스프링북 스도쿠 1(초급 중급),2022-03-24,4,자가격리에 스토쿠가 아주 큰 힘이 되어 줬네요..
151,취미/스포츠,스프링북 스도쿠 1(초급 중급),2022-03-22,4,연필쓸일이 요즘엔 없는데 휴대폰 대신에 손에 들고 다니면서 언제든 풀어볼수 있어서 좋아요
152,취미/스포츠,스프링북 스도쿠 1(초급 중급),2022-02-28,4,재밌어요 머리가 좋아지겠죠?
153,취미/스포츠,스프링북 스도쿠 1(초급 중급),2022-02-23,4,틈틈이 매일 매일 하고 있어요!
154,취미/스포츠,스프링북 스도쿠 1(초급 중급),2022-02-23,4,태교로 하고 있는데 좋아요
155,취미/스포츠,스프링북 스도쿠 1(초급 중급),2022-02-03,4,태교하려고 샀어요ㅎㅎ 재밌네요~^^
156,취미/스포츠,스프링북 스도쿠 1(초급 중급),2021-12-20,4,재구매 예정입니다^^
157,취미/스포츠,스프링북 스도쿠 1(초급 중급),2021-12-20,4,유용하게 잘 풀고 있어요!
158,취미/스포츠,스프링북 스도쿠 1(초급 중급),2021-12-19,4,아이와 함께 풀기 좋네요..
159,취미/스포츠,스프링북 스도쿠 1(초급 중급),2021-12-12,4,사용하기 편하고 좋아요
160,취미/스포츠,스프링북 스도쿠 1(초급 중급),2021-12-12,4,책이 깔끔하고 정말 풀기 좋아요 재밌어요
161,취미/스포츠,스프링북 스도쿠 1(초급 중급),2021-11-16,4,좋아요.추천합니다.수학공부하기 좋아요
162,취미/스포츠,스프링북 스도쿠 1(초급 중급),2021-10-21,4,사랑하는 셋째 딸애 공부책.
163,취미/스포츠,스프링북 스도쿠 1(초급 중급),2021-08-31,4,선물용으로 샀는데 재밌네요. 고급단계도 궁금해요.
164,취미/스포츠,스프링북 스도쿠 1(초급 중급),2021-08-05,4,재미있고 할 만해요. 스도쿠도 꽤 많은편이에요.
165,취미/스포츠,스프링북 스도쿠 1(초급 중급),2021-07-13,4,코로나때문에 학교 쉬는시간에 활용해요
166,취미/스포츠,스프링북 스도쿠 1(초급 중급),2021-07-05,4,펼치기도 편하고 풀기도 편합니다
167,취미/스포츠,스프링북 스도쿠 1(초급 중급),2021-06-27,4,잼나게 풀어봐야겠어요~
168,취미/스포츠,스프링북 스도쿠 1(초급 중급),2021-06-24,4,군입대한 조카가 훈련소에서 2주 자가격리한다고 해서 보내주었는데 아주 좋아합니다. 덕분에 훈령병 동기들과도 쉽게 친구가 되었고요.
169,취미/스포츠,스프링북 스도쿠 1(초급 중급),2021-06-19,4,아들이 좋아합니다 틈틈히 잘하네요
170,취미/스포츠,스프링북 스도쿠 1(초급 중급),2021-06-10,4,잠든 뇌를 깨우려고샀습니다 ㅎㅎ
171,취미/스포츠,스프링북 스도쿠 1(초급 중급),2021-06-07,4,11살 아이가 재밌어해요. 어른이 같이하기 좋아요
172,취미/스포츠,스프링북 스도쿠 1(초급 중급),2021-04-30,4,아들이 재밌어합니다..다음급수도 사야될것같아요
173,취미/스포츠,스프링북 스도쿠 1(초급 중급),2021-04-26,3,"점점어려워지지만, 열심히 해볼게요"
174,취미/스포츠,스프링북 스도쿠 1(초급 중급),2021-03-19,4,재미있어요
175,취미/스포츠,스프링북 스도쿠 1(초급 중급),2021-03-13,4,"초보인 저에게 어렵지만, 잼있어요."
176,취미/스포츠,스프링북 스도쿠 1(초급 중급),2021-02-26,4,재미있게 하구 있어요~
177,취미/스포츠,스프링북 스도쿠 1(초급 중급),2021-02-04,4,재밌어요 시간가는줄 모르겠네요
178,취미/스포츠,스프링북 스도쿠 1(초급 중급),2021-01-25,4,수학 지능 키우는데는 딱!
179,취미/스포츠,스프링북 스도쿠 1(초급 중급),2021-01-12,4,친구에게 선물했는데 재밌다고 하네오!
180,취미/스포츠,스프링북 스도쿠 1(초급 중급),2021-01-12,4,시간 가는줄 모르겠어요.
181,취미/스포츠,스프링북 스도쿠 1(초급 중급),2021-01-11,4,재밌어요^^
182,취미/스포츠,스프링북 스도쿠 1(초급 중급),2021-01-09,4,재미있어요
183,취미/스포츠,스프링북 스도쿠 1(초급 중급),2021-01-07,4,아이랑 함께 집에서하기 너무 좋아요 시간이 정말 잘 갑니다 ^^
184,취미/스포츠,스프링북 스도쿠 1(초급 중급),2021-01-03,4,재미있어요
185,취미/스포츠,스프링북 스도쿠 1(초급 중급),2020-12-28,4,아이가 사고 싶어해서 사 주었어요 간단하게 놀이삼아 풀 수 있어요
186,취미/스포츠,스프링북 스도쿠 1(초급 중급),2020-12-20,4,스도쿠 취미로 샀네요~ 스프링이 있어서 너무 좋네요
187,취미/스포츠,스프링북 스도쿠 1(초급 중급),2020-12-09,4,아이들따라 아빠도
188,취미/스포츠,스프링북 스도쿠 1(초급 중급),2020-11-08,4,아이가 재미있어 합니다.
189,취미/스포츠,스프링북 스도쿠 1(초급 중급),2020-10-19,4,어머니 심심할 때 하라고 드렸는데 스프링이라 좋았어요
190,취미/스포츠,스프링북 스도쿠 1(초급 중급),2020-10-17,4,처음해보는데 좋아해요
191,취미/스포츠,스프링북 스도쿠 1(초급 중급),2020-10-08,4,아이가 재밌어하네요~^^
192,취미/스포츠,스프링북 스도쿠 1(초급 중급),2020-09-12,4,아이들과 게임용으로
193,취미/스포츠,스프링북 스도쿠 1(초급 중급),2020-08-28,4,아이들꺼 어린이스토쿠 사줬는데 애들할때 옆에서 같이해요^^
194,취미/스포츠,스프링북 스도쿠 1(초급 중급),2020-08-28,4,스프링이라 편함. 코로나에 임신 초기라 집에만 있어야되서 심심했는데 도움이 많이 됨!
195,취미/스포츠,스프링북 스도쿠 1(초급 중급),2020-07-01,4,머린속이 복잡할때 시간때우며하기에 재미있고 좋습니다
196,취미/스포츠,스프링북 스도쿠 1(초급 중급),2020-04-27,4,문제 많아서 좋아요 ㅋㅋ 스도쿠 재밌엉..
197,취미/스포츠,스프링북 스도쿠 1(초급 중급),2020-04-21,4,홈스쿨링을 하면서 쉬엄쉬엄 잘 가지고 놀아요~^^* 아이들 만족도가 높아요~^^*
198,취미/스포츠,스프링북 스도쿠 1(초급 중급),2020-04-12,4,아이가 좋아해요
199,취미/스포츠,스프링북 스도쿠 1(초급 중급),2020-04-04,4,재미있고 시간도 순삭
200,취미/스포츠,스프링북 스도쿠 1(초급 중급),2020-03-27,4,이동 중에 시간가는 줄 모르겠어요. 유용해요.
201,취미/스포츠,스프링북 스도쿠 1(초급 중급),2020-03-06,4,아이가 좋아해요
202,취미/스포츠,스프링북 스도쿠 1(초급 중급),2020-01-25,4,머리비우고 집중하기 좋아요~^^
203,취미/스포츠,스프링북 스도쿠 1(초급 중급),2019-12-17,3,기억력 되찼는데 좋아오
204,취미/스포츠,스프링북 스도쿠 1(초급 중급),2019-11-03,4,매일 여러 장씩 풀었더니 금방 끝냈어요! 다른 난이도도 도전해보겠습니다.
205,취미/스포츠,스프링북 스도쿠 1(초급 중급),2019-09-24,4,아직사용해보진않앗지만 완전좋을것같아요~^^
206,취미/스포츠,스프링북 스도쿠 1(초급 중급),2019-09-19,4,아이가 좋아합니다.
207,취미/스포츠,스프링북 스도쿠 1(초급 중급),2019-09-17,4,아이가 수학을 넘 싫어하고 숫자만 봐도. 투덜거리는데 제가 하는걸 보고 관심을 보이길래 초급으로 사줬어요. 집중해서 푸는걸 보니 만족스럽네요. 재밌어하니 더 좋습니다.
208,취미/스포츠,스프링북 스도쿠 1(초급 중급),2019-09-12,4,심심할때 하기 좋은것 같아요
209,취미/스포츠,스프링북 스도쿠 1(초급 중급),2019-08-23,4,가끔 심심할때 요즘 폰으로 많이들 하지만 가끔 아날로그식으로 놀고싶을때 좋음
210,취미/스포츠,스프링북 스도쿠 1(초급 중급),2019-07-27,4,심심할 때 시간 때우기에 좋아요. 두뇌계발도 되는 것 같고요
211,취미/스포츠,스프링북 스도쿠 1(초급 중급),2019-07-18,4,태교하려고 주문했는데 시간 가는줄 모르겠어요ㅎ
212,취미/스포츠,스프링북 스도쿠 1(초급 중급),2019-06-27,3,재밌게 잘 풀고있습니다.
213,취미/스포츠,스프링북 스도쿠 1(초급 중급),2019-06-24,3,재미있게 풀고 있습니다
214,취미/스포츠,스프링북 스도쿠 1(초급 중급),2019-03-13,4,재밌어요^^
215,취미/스포츠,스프링북 스도쿠 1(초급 중급),2019-03-05,2,핸드폰으로도 충분히 할 수 있지만 아이가 원해서 사주었습니다. 종이책에 연필로 풀어나가는 재미는 있어요. 그렇지만 중간에 틀려서 가지고 오면 저도 머리가 좀 아프네요.
216,취미/스포츠,스프링북 스도쿠 1(초급 중급),2019-02-10,4,가방에 넣어두고 자투리시간에 하려고 구매했어요. 눈을못떼고 도전이네요^^ 적당히 재밋습니다~
217,취미/스포츠,스프링북 스도쿠 1(초급 중급),2019-02-04,4,아이가 너무나 좋아하네요
218,취미/스포츠,스프링북 스도쿠 1(초급 중급),2019-01-04,4,아이가 재미있어합니다
219,취미/스포츠,스프링북 스도쿠 1(초급 중급),2018-11-22,4,스도쿠 하는 방법과 난이도별 스도쿠가 수록되어 하기 좋습니다.
220,취미/스포츠,스프링북 스도쿠 1(초급 중급),2018-11-14,4,시간 죽이기 좋아요
221,취미/스포츠,스프링북 스도쿠 1(초급 중급),2018-11-05,4,"가볍게, 재미있게!!"
222,취미/스포츠,스프링북 스도쿠 1(초급 중급),2018-08-20,3,심심해서 샀어요. 시간도 잘가고.. 가지고 다니기도 편하네요. 다만.. 좀..쉬워요..초급 중급이라..애들도 잘 풀어요
223,취미/스포츠,스프링북 스도쿠 1(초급 중급),2018-07-01,4,좋아요좋아요
224,취미/스포츠,스프링북 스도쿠 1(초급 중급),2018-06-24,4,85세 어르신과 함께 문제 풀다보면 시간이 참 잘가네요~ 치매예방 하신다고 열심히 하십니다.
225,취미/스포츠,스프링북 스도쿠 1(초급 중급),2018-06-22,4,딴생각안들고좋아요~재미있어요~
226,취미/스포츠,스프링북 스도쿠 1(초급 중급),2018-04-17,4,글씨크기도 크고 눈에잘보이고 좋아요 다풀면 2편도 구매할께요~
227,취미/스포츠,스프링북 스도쿠 1(초급 중급),2018-04-06,4,어머니께 사드린건데 재미있다고 하시네요^^
228,취미/스포츠,스프링북 스도쿠 1(초급 중급),2018-03-17,4,재밌어요 스도쿠하면서 잡생각도 사라지고 성취감도 있고 좋네요 취미로 딱 입니다~ 스프링책이라 편해요
229,취미/스포츠,스프링북 스도쿠 1(초급 중급),2018-02-05,4,손에도 딱 맞고 쓰기도 편하게 스프링노트여서 좋네요
230,취미/스포츠,멘사 스도쿠 프리미어 500,2019-10-05,3,너무 어려운 스도쿠인듯합니다. 가볍게 즐기는 그런 수준은 절대아니니까 초보는 다른것으로 구입해야 할듯합니다.문제수는 많네요
231,취미/스포츠,멘사 스도쿠 프리미어 500,2022-08-20,4,좋네 좋아 아주좋아..
232,취미/스포츠,멘사 스도쿠 프리미어 500,2022-08-01,3,간단히 출수 있는 문제가별로 없다
233,취미/스포츠,멘사 스도쿠 프리미어 500,2022-07-21,4,시간보내기 참 졸은 책이예요
234,취미/스포츠,멘사 스도쿠 프리미어 500,2022-06-29,4,잘 받았어요~~ 감사합니다
235,취미/스포츠,멘사 스도쿠 프리미어 500,2022-06-08,4,재밋어요~~ 태교로 구매햇습니다
236,취미/스포츠,멘사 스도쿠 프리미어 500,2022-05-21,3,문제가 좀 어려워요
237,취미/스포츠,멘사 스도쿠 프리미어 500,2022-03-31,4,과연 난이도가 꽤 있지만 실마리를 풀었을때 재미도 꽤 있습니다
238,취미/스포츠,멘사 스도쿠 프리미어 500,2021-12-01,4,어려운거 좋아해서 두번째 주문요
239,취미/스포츠,멘사 스도쿠 프리미어 500,2021-10-01,4,머리가 좋아지는 베스트 책 !!!!!
240,취미/스포츠,멘사 스도쿠 프리미어 500,2021-07-16,4,날 너무 과대평가 했다. 어려웠다. 한단계 쉬운걸 구입해야겠다. 힐링용으로 샀는데 스트레스용이 되어간다. ㅎ
241,취미/스포츠,멘사 스도쿠 프리미어 500,2021-05-23,4,좋아요 재미있게 하고 있습니다
242,취미/스포츠,멘사 스도쿠 프리미어 500,2021-04-04,4,아주 재밌게 풀어내고 있습니다.
243,취미/스포츠,멘사 스도쿠 프리미어 500,2021-02-05,4,역시 스도쿠는 멘사죠
244,취미/스포츠,멘사 스도쿠 프리미어 500,2020-10-05,4,문제수가 많아서 좋아요
245,취미/스포츠,멘사 스도쿠 프리미어 500,2020-08-04,4,아이들 하라고 샀는데 제가 하고 있네요~
246,취미/스포츠,멘사 스도쿠 프리미어 500,2020-07-20,4,재미있고 중독성. 강력추천
247,취미/스포츠,멘사 스도쿠 프리미어 500,2020-07-12,4,중딩 조카 선물했는데 쉽진 만은 않지만 재밌대요.
248,취미/스포츠,멘사 스도쿠 프리미어 500,2020-07-05,4,좋아요.
249,취미/스포츠,멘사 스도쿠 프리미어 500,2020-05-28,4,첫번째는 잘풀어지는데 두번째가 시간이 걸려요
250,취미/스포츠,멘사 스도쿠 프리미어 500,2020-03-25,4,재밌네요
251,취미/스포츠,멘사 스도쿠 프리미어 500,2020-03-10,3,너무 어려워요ㅠㅠ
252,취미/스포츠,멘사 스도쿠 프리미어 500,2020-02-21,4,난이도가 적당해요
253,취미/스포츠,멘사 스도쿠 프리미어 500,2020-02-12,4,어렵지만 차근차근 해나가다보면 정복할수 있겠죠? ^^;
254,취미/스포츠,멘사 스도쿠 프리미어 500,2019-10-10,4,스도쿠가 많아서 좋아요
255,취미/스포츠,멘사 스도쿠 프리미어 500,2019-09-27,4,잡생각 떨치기에 아주 유용합니다
256,취미/스포츠,멘사 스도쿠 프리미어 500,2019-07-09,4,논리퍼즐 스도쿠 마니아. 2
257,취미/스포츠,멘사 스도쿠 프리미어 500,2019-05-12,4,잡생각 떨칠수 있어요
258,취미/스포츠,멘사 스도쿠 프리미어 500,2019-03-31,4,넘 재밌어요~~
259,취미/스포츠,멘사 스도쿠 프리미어 500,2019-03-25,4,주말동안 정말 집중해서 한거같아요 재밌어요!
260,취미/스포츠,멘사 스도쿠 프리미어 500,2019-03-05,4,시간 가는줄 모르고 해요~♡
261,취미/스포츠,멘사 스도쿠 프리미어 500,2019-02-12,4,꽤나 양이 많다. 옛 추억을 살려 시간나면 해봐야겠다.
262,취미/스포츠,멘사 스도쿠 프리미어 500,2018-11-23,4,시간가는줄 모르고 푹 빠져지냅니다
263,취미/스포츠,멘사 스도쿠 프리미어 500,2018-11-14,4,조하요
264,취미/스포츠,멘사 스도쿠 프리미어 500,2018-11-13,4,젛아요
265,취미/스포츠,멘사 스도쿠 프리미어 500,2018-10-09,4,킬링타임으로 정말 좋아요.
266,취미/스포츠,멘사 스도쿠 프리미어 500,2018-09-11,4,"음..정말 쉽군
그래서 좋아"
267,취미/스포츠,멘사 스도쿠 프리미어 500,2018-07-26,4,머리를 식히거나 기분전환용으로 딱입니다.
268,취미/스포츠,멘사 스도쿠 프리미어 500,2018-07-06,4,대중교통이용시나 머리복잡해서 생각하기 싫을때 하면 그 순간만큼은 스도쿠에만 집중할 수 있어서 좀 스트레스가 풀리네요~ 오랜만에 하니 재밌어요~^^
269,취미/스포츠,멘사 스도쿠 프리미어 500,2018-06-06,4,문제수가 많아서 좋아요. 점점 어려워지길 기대하고 있습니다.
270,취미/스포츠,멘사 스도쿠 프리미어 500,2018-03-18,4,난이도가 다양해서 좋아요
271,취미/스포츠,멘사 스도쿠 프리미어 500,2018-01-27,4,선명하고 문제가 많아 좋아요.
272,취미/스포츠,사이다의 핸드메이드 드레스 레슨,2022-07-23,4,사이다님 레슨북 정말 기다렸어요~^^ 진짜 받아보고 너무 감동했어요ㅎㅎ 그런데 레이스패치는 벌써 품절이였나보네요ㅠㅠ 책 나오자마자 검색해서 주문했었는데 큰건 아니지만 좋은게좋은거여서 레이스패치있다는 말에 그날 저녁에 샀던거 취소하고 다시 주문했는데 책만 배송됬더라구요~2번3번봐도 없길래 조금 아쉬운 마음이었답니다ㅠㅠ 그래도 원하던 사이다님 책을 받아 행복해요♡
273,취미/스포츠,사이다의 핸드메이드 드레스 레슨,2022-07-24,4,사이다님 유튜브 구독자예요 유튜브도 너무 재밌게 보고 있었는데 책 나온다는 소식에 주문부터 클릭했네요 진짜 이 언니(아니겠지만 예쁘니까 언니) 돈이 아깝지 않은 책을 내주셨네요 재봉틀을 하면서 많은 패턴책들을 구매했지만 만족도 정말 별5개로 모잘라요 예쁘고 작은 소품들부터 앞치마 드레스 그리고 원피스 투피스 잠옷까지 어느하나 빠지지 않은 맘에 쏙 드는 구성이라 책 열어보고 너무 두근두근 거립니다 하나하나 다 만들어보면 더 재밌겠죠 이런책 내주셔서 너무 감사합니다
274,취미/스포츠,고양이 스트레스 상담소,2022-06-13,4,"스트레스 체크리스트를 적는 소소한 유희와 함께 책을 열어보니 역시.. 초보집사용 도서임에도 디테일하게 업데이트 된 정보가 많아요! 아이 든든해. . . 특히 하지 말란 건 다 이유가 있는데 요 정도는 괜찮겠지 싶어서, 또는 큰 반항이 없으니, 집사 마음대로 하던 것들이 누적되면 익숙해지는게 아니라 눌러 참은 고양이의 스트레스가 어디로든 터져나가선 건강이상이나 문제행동으로 이어질 수 있음을 다정한 말투와 냉정한 분석으로 잘 정리한, 라이트한 집사행동원칙에 가깝습니다. . . <스트레스 방지 매뉴얼 40가지>라는 부제는 의미심장합니다. 반려인이 고양이에게 스트레스 주는 건 매뉴얼 없이도 언제든 가능하죠. 그쵸. 안 주는 방법은 그 방법 자체를 외우는것도 즁요하지만 왜 그 방법이 솔루션으로 자리잡은건지 배경을 이해하는 게 중요해요. 이 책은 가능한 범위 내에서 그 배경도 다뤄줍니다. 그래서 단편적인 지식의 파편이 아니라 유기적인 정보트리가 초보집사의 머리에 그려지게 돕죠. 사실 모든 집사가 책임감있게 숙지 후 반려묘를 입양해야한다고 생각합니다. (네, 유토피아같은 말입니다. 늦게라도 읽게 해줍시다. ㅋㅋ) 사람처럼 알아서 스트레스를 풀 수 없다면 애초에 사람이 조심히 보호하는 게 맞겠죠."
275,취미/스포츠,고양이 스트레스 상담소,2022-08-09,4,우리냥이들은 스트레스가 없는듯~~ ㅎㅎ
276,취미/스포츠,고양이 스트레스 상담소,2022-07-03,4,반려묘의 정신건강을 지켜줄 수 있는 책
277,취미/스포츠,고양이 스트레스 상담소,2022-06-25,4,고양이 스트레스 상담소 고양이의 본능과 습성 행동 언어에 대한 정보를 통해 보여주는 책이다
278,취미/스포츠,고양이 스트레스 상담소,2022-06-21,4,"잘 못 알려진 정보들로부터 뭔가 다시 개안?하는 느낌이랄까요.
반려묘의 경우 독립성이 강하긴 하지만 그렇다고 오랜 시간을 혼자 두면 안 되거든요. 반려묘들도 분리불안이 올 수 있답니다. &#8203; 그런 내용들을 세부적으로 다루고 있고, 그 외에도 반려묘들이 싫어하는 행동들이 적혀져 있어서 참고하기 좋았어요.고양이 키우기를 하시다 보면 반려묘들이 얼마나 예민한 동물인지를 알 수 있답니다. 뭐 반려묘들마다 조금씩 차이는 있겠지만 대체적으로 스트레스에 취약하다고 해야 할까요. 그래서 고양이 집사라면 반려묘들이 좋아하는 행동 외에도 싫어하는 행동을 꼭 아는 게 중요하다고 생각을 합니다.나름 고양이 책을 이것저것 읽어 보는 편인데, 가독성도 좋고, 내용도 이해하기 쉽고, 미처 알지 못하고 놓쳤던 부분까지 확인할 수 있어서 개인적으로 정말 많은 도움이 된 책이랍니다. 특히나 저처럼 다묘 가정이신 분들은 꼭 한 번쯤 읽어보심 좋을 것 같단 생각이 들어요."
279,취미/스포츠,고양이 스트레스 상담소,2022-06-20,4,고양이를 두마리 키우고 있는 집사입니다 고양이가 행복할까? 궁금한마음이 늘있었는데 이책을 통해 아이들의 행복을 위한 방법 안티스트레스를 위한 고양이의 본능에대해 또 건강에대해서도 깨알지식들이 가득차있어서 너무 유익합니다 함께하는 생활을 통해 집사도 아이들도 함께 행복했으면 좋겠어요
280,취미/스포츠,고양이 스트레스 상담소,2022-06-19,4,고양이를 키우는 집사님과 예비 집사님이라면 꼭 읽어야할 필독서더라구요. 알게 모르게 고양이에게 스트레스를 줄 수 있다는 걸 알게 되었어요. 고양이가 싫어하는 행동들을 알기 쉽게 이해하기 쉽게 적혀있어 술술 잘 읽혀요. 고양이집사들이 실제로 고민하는 내용이 담긴 실질적인 고양이 반려지침서 너무 좋았어요~^^
281,취미/스포츠,고양이 스트레스 상담소,2022-06-18,4,"고양이를 키우는 집사, 예비집사, 어린이 집사까지 고양이와 함께 행복하게 살기위해 필요한 모든 정보를 담은 책.

친근한 그림과 이해하기 쉬운 단어와 문장으로 구성되어서 아이들과 고양이가 함깨 사는 집에 적극 추천한다.

무엇보다 필요한 정보를 깔끔한 정리와 도표, 체크리스트를 통해 전달해서, 필요한 것을 잊지 않고 모든것을 챙길 수 있는 세심함을 담은 책이다. 이사, 합사 등 필요한 상황의 체크리스트를 준비하자.

또 고양이 스크래처 모양별 위치, 화장실, 식기 등만이 아니라 고양이의 본성, 양치습관, 질병이 오는 신호 등 이 한권만 있으면 대부분의 상황을 미리 대비할 수 있을 것이다.

그야말로 고양이와 행복하게 살 수 있도록 도와주는 지침서."
282,취미/스포츠,고양이 스트레스 상담소,2022-06-15,4,초보집사를 위한 필독 도서 고양이와 반려인의 행복한 삶을 위한 나침반이 되어줄 책! 만렙이라고 생각했던 내 집사력이 아직 초보인 걸 알게 해준 책이에요 평소에 좋아하던 비마이펫 삼색이 그림과 함께 해서 더 잘 읽히고 재밌게 읽을 수 있었던 것 같아요 고양이를 반려중이라서 공감되는 부분도 많았고 몰랐던 부분도 많아서 많은 도움이 되는 책이에요!
283,취미/스포츠,고양이 스트레스 상담소,2022-06-14,4,예비 집사 및 초보집사에게 강추합니다!
284,취미/스포츠,고양이 스트레스 상담소,2022-06-14,4,"비마이펫이 발행한 1,000여 개의 전문 지식 중 최다 검색,질문한 40가지 스트레스 행동을 선별해 정리한 것으로 생활 속에서 나도 모르게 나의 고양이를 스트레스 받게 했던 행동들에 대해 자세하게 나와있어요. 예비집사, 초보집사들은 무 조 건! 읽어야 하는 책 많이들 알고 있지만, 놓치고 있는 부분들을 보기쉽게 그치만 자세히! 설명 해주셨어요. 무심코 하는 우리의 행동이 고양이에게 스트레스를 주는지 모르고, 고양이를 위하는 마음으로 실수하고 있는 부분들도 많은 것 같아요. (고양이를 의인화해서 생각한다던가) 집사님들 모두 우리집 고양이가 행복하고, 아프지않고 건강하게 오래오래 살았으면 하는 마음은 같을거니깐요! 먼저 무지개 다리를 건넌 반려견에게 못해준것에 대한 후회를 정말 많이 했는데.. 지나고나면 후회가 안남을 수 없겠지만, 고양이는 더더욱 티도 안내고 스트레스에 취약한 놈들이기때문에.. 더 세심하게 신경써야 할 것 같아요. 나중에 아파서 후회하지않게!!!! 중간중간 체크리스트와 고양이mbti도 검사해볼 수 있어서 보는내내 흥미로웠습니다. 우리모두 주인님들과 오래오래 행복하기로 해요��"
285,취미/스포츠,스도쿠 2(중급/고급),2022-08-06,4,중간중간 단계보다 어려운 것들이 있는데 잘 풀고 있습니다.
286,취미/스포츠,스도쿠 2(중급/고급),2022-07-20,4,아직 시작은 안했는뎅 양이많아서 좋아용~~스프링으로 되있는거 최고!!!♥
287,취미/스포츠,스도쿠 2(중급/고급),2022-05-21,4,킬링타임으로 재미있어요.
288,취미/스포츠,스도쿠 2(중급/고급),2022-03-25,4,집에 있던걸 다 해서 구매했습니다. 확실히 일반 책 스타일보단 스프링인게 정말 편하네요!! 그리고 두 권 사니까 배송포장 대박! 교보에서 첨 샀는데 진작 여기 쓸걸 싶었어요.
289,취미/스포츠,스도쿠 2(중급/고급),2021-12-12,4,어렵지만 구성이 좋고 보기도 편해요
290,취미/스포츠,스도쿠 2(중급/고급),2020-08-05,4,여가용
291,취미/스포츠,스도쿠 2(중급/고급),2020-04-22,4,24페이지에 3이 두 개 인쇄 되어 있네요
292,취미/스포츠,스도쿠 2(중급/고급),2020-04-20,3,스프링이라서 확실히 편하기는 하네요
293,취미/스포츠,스도쿠 2(중급/고급),2020-03-22,3,고급은 정말어렵네요 ㅜ
294,취미/스포츠,스도쿠 2(중급/고급),2019-12-16,3,큼직해서 풀기편해요
295,취미/스포츠,스도쿠 1(초급/중급),2022-07-18,4,사란해요 스토쿠 당신업시 못사라
296,취미/스포츠,스도쿠 1(초급/중급),2021-12-12,4,재밌고 너무 어렵지도 쉽지도 않아서 좋습니다
297,취미/스포츠,스도쿠 1(초급/중급),2021-02-16,4,어려워요.....4x4가 되는 순간 나는 내가 바보인것 같았다
298,취미/스포츠,스도쿠 1(초급/중급),2020-11-06,4,아이가 재미있어합니다~~^^
299,취미/스포츠,스도쿠 1(초급/중급),2020-10-05,4,어린이용 있는 줄 모르고 구입했는데 아이가 너무 좋아하고 푹 빠졌네요^^
300,취미/스포츠,스도쿠 1(초급/중급),2020-09-07,4,혼자 해보다가 엄마도 같이 사줬습니다
301,취미/스포츠,스도쿠 1(초급/중급),2020-09-07,4,너무 재미있습니다 엄마랑 같이 사서하는데 시간가는줄 모르겠어요.
302,취미/스포츠,스도쿠 1(초급/중급),2020-08-30,4,재미있어요!
303,취미/스포츠,스도쿠 1(초급/중급),2020-01-06,4,재밌어요
304,취미/스포츠,내 강아지 마음 상담소,2020-08-18,4,강아지가 더 좋아하겠네요 ㅎㅎ
305,취미/스포츠,내 강아지 마음 상담소,2022-07-31,4,역시 정말 유용하고 정말 재밌어요
306,취미/스포츠,내 강아지 마음 상담소,2022-06-27,3,강아지를 너무 좋아하는 아이가 샀어요
307,취미/스포츠,내 강아지 마음 상담소,2022-05-22,4,재밌는 정보가 많고 책이 재밌어요.
308,취미/스포츠,내 강아지 마음 상담소,2022-04-03,4,새끼강아지는 처음 키우는데 아주 좋아요
309,취미/스포츠,내 강아지 마음 상담소,2021-11-25,4,아주 아주 좋아요. 강추합니다
310,취미/스포츠,내 강아지 마음 상담소,2021-08-26,4,궁금했던 내용들이 잘 정리돼 있어서 좋아요~
311,취미/스포츠,내 강아지 마음 상담소,2021-07-17,4,너무 유용해요~~^^
312,취미/스포츠,내 강아지 마음 상담소,2021-04-09,4,유튜브의 소소한 질문과 답을 모아둔 내용입니다. 120개의 질문과 답이 있고 몇 가지 쌩뚱맞은 질문과 그에 대한 대답도 있습니다. 저는 재미있게 읽었습니다.
313,취미/스포츠,내 강아지 마음 상담소,2021-04-01,4,궁금했던 질문에 대해 재미있고 쉽게 대화하듯이 답해주셔서 너무 빨리 읽었네요^^
314,취미/스포츠,내 강아지 마음 상담소,2021-03-29,4,친절하게 설명되어있어서 읽으면서 우리꽃님이한번 쓰담쓰담하면서 읽고 있는데 좋아요~ 다 읽게 되면 꽃님이의 마음을 더 잘알게 되겠죠? ㅎㅎ
315,취미/스포츠,내 강아지 마음 상담소,2021-03-08,4,재미있게 편하게 읽을 수 있었어요. 내용도 쉬워 좋았습니다 도움이 많이 되었습니다 특히 간식과 장난감을 흩어놓지 않았더니 소변 실수가 줄었습니다 감사합니다
316,취미/스포츠,내 강아지 마음 상담소,2020-12-09,4,강아지 마음을 잘 이해 할 수 있을꺼예요
317,취미/스포츠,내 강아지 마음 상담소,2020-12-05,2,그림으로나사진으로쉽게읽어볼수있게자세히나와있었으면좋겠어요. 별로인거같아요.ㅠ.ㅠ
318,취미/스포츠,내 강아지 마음 상담소,2020-09-26,4,아이가 너무 좋아해요.
319,취미/스포츠,내 강아지 마음 상담소,2020-09-17,4,싸게 구매 좋아요 추천 합니다 좋아요
320,취미/스포츠,내 강아지 마음 상담소,2020-09-10,4,좋은 책 좋은 선물되었습니다. 감사합니다.
321,취미/스포츠,내 강아지 마음 상담소,2020-08-31,4,"강아지 좋아하는 우리 초3어린이 두꺼운글밥인데도
아주 잘 일고 좋아해요."
322,취미/스포츠,내 강아지 마음 상담소,2020-08-26,4,ㅋㅋㅋㅋ 싸게 구매 좋아요 추천 합니다 좋아요
323,취미/스포츠,내 강아지 마음 상담소,2020-08-24,4,강아지 행동에 대한 궁금증이 잘 나와 있어서 좋아요~~^^
324,취미/스포츠,내 강아지 마음 상담소,2020-07-29,4,유익합니다. 읽어보세요.
325,취미/스포츠,내 강아지 마음 상담소,2020-07-23,4,정보가 정말 많아요
326,취미/스포츠,내 강아지 마음 상담소,2020-07-06,4,반려견이 있는 견주들의 필독서인듯~ 재미있고 너무 유용해요.역시 개통령님 짱입니다.
327,취미/스포츠,내 강아지 마음 상담소,2020-06-16,4,천천히 배워가는 중입니다. 사랑하는 친구들을 위해 꼭 한번은 읽어봤으면 해요.
328,취미/스포츠,내 강아지 마음 상담소,2020-05-30,4,강아지에 대해 알아가서 좋아요!!
329,취미/스포츠,내 강아지 마음 상담소,2020-05-21,4,아이가 너무 좋아해요
330,취미/스포츠,내 강아지 마음 상담소,2020-05-20,4,좋아요
331,취미/스포츠,내 강아지 마음 상담소,2020-05-12,3,유용하지만 다소 설명 부족입니다.
332,취미/스포츠,내 강아지 마음 상담소,2020-04-29,4,강아지를 사랑하는 딸에게 선물했습니다
333,취미/스포츠,내 강아지 마음 상담소,2020-04-19,4,강형욱 선생님을 존경하는 저희집 아이가 선택했네요. 넘 좋은 책입니다. 추천해요~
334,취미/스포츠,내 강아지 마음 상담소,2020-04-12,4,쉽게 술술 읽혀요
335,취미/스포츠,내 강아지 마음 상담소,2020-04-06,4,강형욱씨책은말이필요없쥬
336,취미/스포츠,내 강아지 마음 상담소,2020-03-22,4,소소하게 궁금했던 걸 해결할 수 있는 좋은 책!
337,취미/스포츠,내 강아지 마음 상담소,2020-02-28,4,내용이 너무 귀여워요 �� 우리 강아지 마음을 대변하는 책이에요 강아지 행동이 이해가 안될때 틈틈히 찾아서 읽어보려구요
338,취미/스포츠,내 강아지 마음 상담소,2020-02-22,4,매우 좋습니다
339,취미/스포츠,내 강아지 마음 상담소,2020-01-28,4,책이 너무 재밌어요~
340,취미/스포츠,내 강아지 마음 상담소,2019-12-20,4,강아지 맘을 이해할수 있어요
341,취미/스포츠,내 강아지 마음 상담소,2019-12-18,4,갖고싶었는데 배송도 빠르고 바로 오늘 볼거에요 ㅎㅎ
342,취미/스포츠,내 강아지 마음 상담소,2019-12-13,4,몰랐던 울 강아지의 마음을 알게되는 계기가 되었네요^^
343,취미/스포츠,내 강아지 마음 상담소,2019-12-08,4,너무 재밌어요
344,취미/스포츠,내 강아지 마음 상담소,2019-11-19,4,좋은 내용
345,취미/스포츠,내 강아지 마음 상담소,2019-11-15,4,좋은 내용
346,취미/스포츠,내 강아지 마음 상담소,2019-11-14,4,궁금했던 질문들이 많아서 읽기 편했습니다~!
347,취미/스포츠,내 강아지 마음 상담소,2019-11-12,4,추천받아 구입했어요
348,취미/스포츠,내 강아지 마음 상담소,2019-11-09,4,반려견을 키우는 모든 사람들이 읽어야할 책.: )
349,취미/스포츠,스프링북 스도쿠 2(고급 고수),2022-03-26,4,재밋어요 문제도 다양하고
350,취미/스포츠,스프링북 스도쿠 2(고급 고수),2022-08-31,4,그냥 시간보내기 아까울 때 하루에 5-6 문제씩 풀다보면 시간도 금세 지나가요
351,취미/스포츠,스프링북 스도쿠 2(고급 고수),2022-08-21,3,조금 고급단계는 어렵긴한데 스프링으로 되어잌ㅅ어서 아주좋아용~~♥
352,취미/스포츠,스프링북 스도쿠 2(고급 고수),2022-06-16,4,지루할때 하면 시간 엄청 잘가요
353,취미/스포츠,스프링북 스도쿠 2(고급 고수),2022-06-05,4,좋아요 유용할것같아요
354,취미/스포츠,스프링북 스도쿠 2(고급 고수),2022-06-03,4,한번 펼치면 시간 가는줄 모르고 몇 시간동안 풀고 있습니다.
355,취미/스포츠,스프링북 스도쿠 2(고급 고수),2022-05-11,4,심심할때 집중도 할 수 있고 유용해요
356,취미/스포츠,스프링북 스도쿠 2(고급 고수),2022-04-27,4,재미있습니다 두뇌개발에 좋을듯
357,취미/스포츠,스프링북 스도쿠 2(고급 고수),2022-04-17,4,좋은 책이예요.~^^
358,취미/스포츠,스프링북 스도쿠 2(고급 고수),2022-01-04,4,아이가 넘 재밌게 잘했어요~^^
359,취미/스포츠,스프링북 스도쿠 2(고급 고수),2021-12-12,4,어렵지만 구성이 좋아요
360,취미/스포츠,스프링북 스도쿠 2(고급 고수),2021-11-29,4,"ㅓㅠㅢ ,ㅜ ㅜ 포"
361,취미/스포츠,스프링북 스도쿠 2(고급 고수),2021-11-29,4,재미........
362,취미/스포츠,스프링북 스도쿠 2(고급 고수),2021-11-13,4,아이가 좋아해요 재밌어서 온가족이 함께해요
363,취미/스포츠,스프링북 스도쿠 2(고급 고수),2021-10-08,4,초급이 쉽다고 좋아해서 고급도 주문했어요
364,취미/스포츠,스프링북 스도쿠 2(고급 고수),2021-09-09,4,스프링이라 편해서 좋아요
365,취미/스포츠,스프링북 스도쿠 2(고급 고수),2021-06-29,4,좋아요 스프링이 편하고 재미있어요
366,취미/스포츠,스프링북 스도쿠 2(고급 고수),2021-06-24,4,초중급은 쉽게 재밌게 했는데 고급은 조금 어렵네용ㅋㅋ
367,취미/스포츠,스프링북 스도쿠 2(고급 고수),2021-01-24,4,초등6학년 아이가 시간 날 때 인터넷 대신 아주 재미있게 풀고 있어요.
368,취미/스포츠,스프링북 스도쿠 2(고급 고수),2021-01-23,4,아이들이 재미있어합니다.
369,취미/스포츠,스프링북 스도쿠 2(고급 고수),2020-12-28,3,좋아요~
370,취미/스포츠,스프링북 스도쿠 2(고급 고수),2020-12-28,4,좋아요~
371,취미/스포츠,스프링북 스도쿠 2(고급 고수),2020-11-10,4,생각보다 많이 어려워요...
372,취미/스포츠,스프링북 스도쿠 2(고급 고수),2020-10-19,4,"초급,중급 다 하고 샀는데 확실히 어렵네요! 열심히 해봐야겠어요"
373,취미/스포츠,스프링북 스도쿠 2(고급 고수),2020-10-11,4,초급 중급 하다가 하려니 어렵긴한데 그래도 재미있게 할 수 있어요
374,취미/스포츠,스프링북 스도쿠 2(고급 고수),2020-09-12,4,초급 중급을 전에 다 풀어서 다음 단계인 이 책을 샀어요. 난이도가 확실히 고급이네요. 어려워졌어요. 그러다보니 푸는 방법도 자연스럽게 하나 더 늘어난 것 같아요. 어쩔 수 없이 스도쿠 푸는 공략같은 걸 찾아보게 되네요 ㅎㅎ
375,취미/스포츠,스프링북 스도쿠 2(고급 고수),2020-08-28,4,심심할 때 아이가 많이 해요.
376,취미/스포츠,스프링북 스도쿠 2(고급 고수),2020-06-19,4,아이가 좋아해요.
377,취미/스포츠,스프링북 스도쿠 2(고급 고수),2020-04-12,4,재미있어요.
378,취미/스포츠,스프링북 스도쿠 2(고급 고수),2020-04-04,4,재미있고 시간도 순삭
379,취미/스포츠,스프링북 스도쿠 2(고급 고수),2020-02-14,3,"초급을 마치고 고급으로 들어오니, 잘 안풀립니다. 3개중의 1개정도 만 수월히 풀고있어요.저는 썰렁한 TV프로그램 보면서 풀기에 딱 좋아요."
380,취미/스포츠,스프링북 스도쿠 2(고급 고수),2020-02-12,4,잘풀고있어요
381,취미/스포츠,스프링북 스도쿠 2(고급 고수),2020-02-11,4,스프링형태라 진짜편해요ㅎㅎ
382,취미/스포츠,스프링북 스도쿠 2(고급 고수),2020-01-31,4,재밌어요. 스프링이라좋아요
383,취미/스포츠,스프링북 스도쿠 2(고급 고수),2019-12-17,3,ㅎ 자꾸 기억력이 왔다갔다해서 구입했어요
384,취미/스포츠,스프링북 스도쿠 2(고급 고수),2019-08-17,4,스프링으로 돼 있어서 원하는 페이지만 쉽게 볼 수 있어서 좋고 난이도도 딱 맞아서 너무 만족해요
385,취미/스포츠,스프링북 스도쿠 2(고급 고수),2019-06-24,4,"스프링제본, 적당한 책 크기 등등 편하게 스도쿠 할 수 있어 좋아요."
386,취미/스포츠,스프링북 스도쿠 2(고급 고수),2019-02-17,4,아이들 공부 할 때 옆에 앉아서 같이 풀어요
387,취미/스포츠,스프링북 스도쿠 2(고급 고수),2019-01-16,4,받자마자 풀음 한장하고 지첬지만 넘 잼잼
388,취미/스포츠,스프링북 스도쿠 2(고급 고수),2018-11-22,4,스도쿠 하는 방법과 난이도별 스도쿠가 수록되어 하기 좋습니다.
389,취미/스포츠,스프링북 스도쿠 2(고급 고수),2018-10-29,4,스도쿠 책 많이 이용했는데 문제도 적당한 수준이고 스프링이라 너무 편하고 좋아요.
390,취미/스포츠,스프링북 스도쿠 2(고급 고수),2018-08-24,4,재밌어요^^ 정신없이 하고있네요
391,취미/스포츠,스프링북 스도쿠 2(고급 고수),2018-08-14,4,부모님 사드렸는데 좋아하시네요 유용합니다
392,취미/스포츠,스프링북 스도쿠 2(고급 고수),2018-07-04,4,스프링 제본이라 편해요!
393,취미/스포츠,스프링북 스도쿠 2(고급 고수),2018-07-01,4,좋아요좋아요
394,취미/스포츠,스프링북 스도쿠 2(고급 고수),2018-06-27,4,스프링이라 보기 편합니다.
395,취미/스포츠,스프링북 스도쿠 2(고급 고수),2018-06-23,3,재미있어요. 표지에 나와있는 형태의 문제들은 없네요.
396,취미/스포츠,스프링북 스도쿠 2(고급 고수),2018-05-23,4,집중하기 좋아요
397,취미/스포츠,스프링북 스도쿠 2(고급 고수),2018-05-03,4,머리복잡할때 집중하기좋은거같아요
398,취미/스포츠,스프링북 스도쿠 2(고급 고수),2018-01-27,4,스프링이라 펼치기 좋아요.
399,취미/스포츠,THE KINFOLK GARDEN(킨포크 가든),2022-02-02,4,좋아요. 사진보는것도 기분좋고 좋네요
400,취미/스포츠,THE KINFOLK GARDEN(킨포크 가든),2021-10-02,4,사진을 넘겨보는 것만으로도 기분이 좋아져요
401,취미/스포츠,THE KINFOLK GARDEN(킨포크 가든),2022-09-04,4,사진 글 모두 멋짐 옆에 두고 챙겨 보면 힐링됨
402,취미/스포츠,THE KINFOLK GARDEN(킨포크 가든),2022-09-02,4,믿고보는 킨포크 시리즈입니다 보는것만으로도 마음이 좋아져요 킨포크 트래블도 사볼 예정입니다
403,취미/스포츠,THE KINFOLK GARDEN(킨포크 가든),2022-08-24,4,믿고 보는 킨포크 시리즈
404,취미/스포츠,THE KINFOLK GARDEN(킨포크 가든),2022-08-16,4,잘 읽어보겠습니다..
405,취미/스포츠,THE KINFOLK GARDEN(킨포크 가든),2022-05-20,4,식물책을 사보고 싶어서 구매했습니다
406,취미/스포츠,THE KINFOLK GARDEN(킨포크 가든),2022-05-12,4,책 표지가 너무 예뻐서 구매했습니다
407,취미/스포츠,THE KINFOLK GARDEN(킨포크 가든),2022-03-31,4,책 표지가 이뻐서 집안 장식용으로 샀는데. 책 내용도 좋아서 보고 있으면 힐링되요 ~ 초록초록한거 좋아하시는분들에게 추천합니다 !!
408,취미/스포츠,THE KINFOLK GARDEN(킨포크 가든),2022-03-20,4,https://m.blog.naver.com/90hhyss/222676656974 블로그에 책 리뷰했어요:)
409,취미/스포츠,THE KINFOLK GARDEN(킨포크 가든),2022-02-20,4,읽기 괜찮은 책입니다.
410,취미/스포츠,THE KINFOLK GARDEN(킨포크 가든),2022-01-18,4,내용이 참신하고 유용합니다
411,취미/스포츠,THE KINFOLK GARDEN(킨포크 가든),2022-01-13,4,원본으로 살려고 했는데 번역본이 있어서 이걸로 구매했습니다. 표지가 굉장히 다른 느낌이 재밌네욤!
412,취미/스포츠,THE KINFOLK GARDEN(킨포크 가든),2021-12-17,4,세계 각지의 아름다운 정원들을 책으로 보는 것 만이라도 좋네요
413,취미/스포츠,THE KINFOLK GARDEN(킨포크 가든),2021-12-06,3,"자연과 조화를 이루는 정원과 집을 담은 사진들이 풍성하게 담겨 있어 설렁설렁 넘기면서 봐도 즐거운 책이예요.
한국의 훌륭한 플로리스트나 가드너도 있는데 그들에 대한 이야기가 없어 아쉬웠어요. 가장 마음에 든 건 &gt;라스 포자스&gt;."
414,취미/스포츠,THE KINFOLK GARDEN(킨포크 가든),2021-12-03,4,일상의 아름다움을 사진과 글로 잘 담아내서 좋아요! 정원이 보여주는 공간을 넘어선 ~ 그곳에 사는 사람들의 삶의 철학과 생활이 녹아 있는 살아 있는 주거환경이라는 가치를 심는데 중점을 두었다는데 ~ 집중했다는 것에도 좋았습니다.
415,취미/스포츠,THE KINFOLK GARDEN(킨포크 가든),2021-12-02,4,정원과 함께하는 삶!
416,취미/스포츠,THE KINFOLK GARDEN(킨포크 가든),2021-11-29,4,정원에 관심많은 와이프에게 선물했는데 정말 좋아하네요 사진만보아도 힐링되는것 같아요 적극 추천합니다
417,취미/스포츠,THE KINFOLK GARDEN(킨포크 가든),2021-11-05,4,"믿고 사는 킨포크,좋습니다."
418,취미/스포츠,THE KINFOLK GARDEN(킨포크 가든),2021-11-02,4,지구 곳곳의 자연과 가까이 살아가는 사람들의 삶의 모습 화보같은 그림들~ 편안함의 휴식이네요
419,취미/스포츠,THE KINFOLK GARDEN(킨포크 가든),2021-11-01,3,"화려한 정원이 아니라 순수하고 안정된 정원들의 모습을 보고 싶다면, 기분 좋게 힐링되는 킨포크 가든."
420,취미/스포츠,THE KINFOLK GARDEN(킨포크 가든),2021-10-27,4,킨포크 가든 좋아요~~
421,취미/스포츠,THE KINFOLK GARDEN(킨포크 가든),2021-10-24,4,수록된 사진이 너무 좋네요. 예쁘게 꾸며진 정원에 들어온 느낌입니다.
422,취미/스포츠,THE KINFOLK GARDEN(킨포크 가든),2021-10-22,4,선물하기 위해서 구매했어요. 원래도 좋아하는 매거진인데 관심있는 가드닝에 대해서 이야기하는 것도 흥미롭네요. 번역판으로 만나볼 수 있어서 기대됩니다.
423,취미/스포츠,THE KINFOLK GARDEN(킨포크 가든),2021-10-21,2,관심있는 분야라 재밌게 봤습니다
424,취미/스포츠,THE KINFOLK GARDEN(킨포크 가든),2021-10-20,4,킨포크 가든이라니 너무 기대되요
